Transaction_ID,Date,Region,Product,Salesperson,Units_Sold,Unit_Price,Total_Sales
6f59cb80-6db2-4649-bbb2-a4d701ed16a8,2024-04-16,North,Product A,Diana Padilla,39,351.51,13708.89
579ebe72-6734-4757-9a14-c31ce9df4d3a,2023-11-29,North,Product B,Ian Miller,29,498.66,14461.14
ab167849-3697-431a-98e4-e9cefad716c5,2024-03-22,East,Product A,Alex Smith,15,449.34,6740.1
0c5a420c-f98c-4d66-93ff-bd19c129fb83,2024-10-15,South,Product A,Jaime Aguirre,43,292.24,12566.32
3ffcb794-9eb9-4956-ad6f-45d939695571,2024-12-06,South,Product C,David Tanner,8,459.52,3676.16
c2b5e5b8-2f6a-4594-afea-71c85a85115b,2023-07-30,South,Product B,Jacqueline Wiley,21,12.6,264.6
a3f65be2-223b-4f80-b33b-4074675dbdf7,2024-09-21,North,Product B,Ashley Espinoza,39,487.78,19023.42
2a649cde-63cd-4b8e-a60e-17eba517a8a4,2023-05-17,North,Product B,Garrett Scott,19,250.47,4758.93
681db4e2-44fd-483c-a653-519a87ee5a0d,2023-10-25,West,Product A,Jared Thornton,23,364.22,8377.06
44f9fd8c-008b-4ca4-90c8-8f93412e8f46,2024-07-19,North,Product B,Curtis Smith,11,412.22,4534.42
d16ca4dd-a9b2-4a26-bec6-f39c285a7615,2024-07-08,North,Product B,Michael Hughes,11,362.04,3982.44
16332a38-d83b-4e2d-b8ba-010e73ef43a1,2024-11-22,North,Product B,Scott Johnson,24,272.17,6532.08
f840b81d-a3b2-4809-bafe-cf3aa7810f8f,2024-04-25,South,Product C,Juan Krause,36,243.54,8767.44
80bfb9e1-187d-47da-a369-7d8be79a0e1e,2024-09-27,South,Product B,Juan Krause,40,420.91,16836.4
89e13fdd-fe98-44b4-be07-3cc8dd0559d6,2023-12-16,North,Product A,Scott Johnson,24,110.49,2651.76
4f31e8bb-c878-4dbf-9246-16cf0c509391,2024-02-07,South,Product C,Steven Roberts,3,484.32,1452.96
1abc4dca-d990-4b27-a875-6b00551e7b5f,2023-06-08,West,Product B,Christopher Mills,22,358.37,7884.14
c49361c0-5ace-4212-882d-ef654a66d58f,2023-11-11,South,Product B,Austin Smith,2,107.76,215.52
b19fa4a5-bb70-4e60-acee-8a552239baf3,2023-03-07,West,Product C,David Tanner,24,370.76,8898.24
d60d0123-fc83-45ed-9ab8-d09cb3ee2152,2023-05-14,East,Product B,Molly Hamilton,44,269.62,11863.28
1576a8b5-650d-4297-a71e-5cc7bc346bd0,2023-05-18,North,Product A,Christopher Warner,30,356.54,10696.2
44024403-1187-4003-96cb-25b9188d739f,2024-11-16,South,Product A,Elizabeth Huang,38,386.21,14675.98
00495a40-be29-4212-a84a-32f9d5d0308e,2023-05-07,West,Product B,Anita Garcia,2,52.77,105.54
1ead0ced-cf3f-41a0-9c25-8d75baee232e,2024-01-14,East,Product A,Danny Casey,21,257.99,5417.79
f107677e-232c-49ee-9c0e-e0561d5885e6,2023-06-30,East,Product C,Lindsey Ruiz,33,466.69,15400.77
abc668fc-ce46-4935-86af-a6774b989627,2024-10-03,South,Product B,Mary Romero,12,167.11,2005.32
3dd6e216-106c-4238-844b-6d12b5dfd683,2023-02-17,South,Product C,Danny Casey,22,301.0,6622.0
f5de6b01-39a9-4f2b-a4aa-a93826e3824c,2024-04-17,East,Product A,Alex Smith,44,190.92,8400.48
ceaf2726-fea5-450f-bea2-c97e8af5efd7,2024-02-09,North,Product B,Victor Garcia,25,232.59,5814.75
e42d8422-e60c-4bf4-ae33-4a0c9ce72ddd,2024-01-16,North,Product C,Robert Reeves,49,278.82,13662.18
ec1f2745-c251-49d0-b13f-e9ffc25c4b13,2023-01-15,West,Product A,Michael Hughes,27,278.97,7532.19
5871b6a0-131b-4501-8331-d6de09942a51,2024-06-24,North,Product B,Eric Castillo,42,108.85,4571.7
905c19df-c083-40ea-bf22-0f9f408941d5,2024-01-24,East,Product D,Austin Smith,28,345.44,9672.32
8201a825-4092-4700-8f50-d74e0dfe5865,2023-05-31,East,Product A,Sara Rice,16,53.06,848.96
53e1c135-5e2d-4a51-aff8-1b1ffd288a9c,2023-01-08,East,Product A,Kyle Chavez,15,78.02,1170.3
dc5a5def-435b-41c4-ae6b-307b53b9129c,2023-01-01,North,Product D,Kyle Chavez,47,11.33,532.51
654f3054-3938-481f-a370-7385427703d0,2024-04-27,West,Product D,Jonathan Watkins,44,67.18,2955.92
1a26402e-dd87-4632-b723-295ef30cd635,2023-06-28,North,Product C,Curtis Anderson,3,241.85,725.55
df9910f8-bbdb-4683-9718-8c4d9ceba8eb,2024-06-11,West,Product A,Robert Reeves,37,306.99,11358.63
f14cbf46-2908-4dd1-b573-74e76a495c2b,2023-10-21,North,Product D,Ian Miller,7,399.2,2794.4
647db3f6-358e-4f5b-8773-6dd621ba1e3a,2023-02-27,East,Product B,Tyler Scott,21,62.28,1307.88
fe82988c-7f75-4e19-a207-8a256dc23ab3,2024-09-14,East,Product A,Victor Garcia,9,426.86,3841.74
867de620-1d2f-41ae-92c8-000bbd365ff2,2024-03-30,South,Product C,Sarah Hanna,39,375.53,14645.67
387ba2ad-ab9f-4fbb-8cfd-cf60534bd41e,2023-01-20,North,Product D,Scott Johnson,18,210.17,3783.06
474755d9-e94b-430e-a06b-704ed4be8c8c,2024-04-30,North,Product A,Christopher Warner,4,467.14,1868.56
9602b494-838e-410c-a9c3-c59d2531e231,2023-08-09,South,Product A,Jaime Aguirre,25,495.56,12389.0
bbc4617b-2103-46ad-b4f3-8bc59279cbcf,2024-07-15,East,Product D,Christopher Warner,14,110.45,1546.3
f8fa1de0-08f2-4162-a155-3485c42a8972,2023-04-02,North,Product D,Elizabeth Huang,9,195.82,1762.38
ff6c74db-b632-4ec7-9ee1-8518afa4c5d8,2023-11-08,South,Product D,Ashley Espinoza,26,463.96,12062.96
4878d89d-8907-46e3-83c8-b6710a7c8485,2023-11-25,North,Product A,Richard Casey,2,363.58,727.16
561aa9da-3da9-447d-b0e4-39b10261abf4,2024-05-26,West,Product D,Christopher Warner,20,33.57,671.4
8ba0f40e-c303-4309-8361-3955b097a9d4,2024-09-30,East,Product D,Robert Reeves,28,392.94,11002.32
6b538e4a-36b0-4473-9c61-5f51c802e572,2023-09-12,West,Product A,Sarah Santana,47,415.69,19537.43
7392049c-c10d-4397-816f-28fcccd88ff5,2024-01-04,East,Product A,Kevin Williams,7,377.75,2644.25
bfb33301-1d01-43d9-8563-d3b33ef986aa,2024-09-05,South,Product C,Sarah Santana,44,401.77,17677.88
9f7f14bf-d604-4fc9-bb8f-e5f2356856f6,2023-12-04,East,Product B,Ian Miller,8,414.32,3314.56
e973ce92-7e19-48b6-ab4f-ea802c43e01b,2023-12-09,East,Product A,Jaime Aguirre,47,101.34,4762.98
4caaf8b6-f51b-4c8e-87f2-a0fa59bb3518,2023-02-12,South,Product B,David Tanner,35,125.49,4392.15
42861f79-b2b0-40e2-a7ce-c7b538011f77,2023-12-04,East,Product C,Jessica Mckee,14,320.54,4487.56
df59b108-82b9-4207-a5ef-53ed02f10cc1,2024-08-29,North,Product C,Kyle Chavez,17,454.85,7732.45
f8e66822-e7c9-48be-94c9-8b31d08ba346,2024-10-30,South,Product D,Garrett Scott,36,164.94,5937.84
40b90e19-7c94-40da-a485-e935bdc8cfca,2024-11-18,South,Product C,Christopher Warner,40,298.27,11930.8
ab9571c4-2add-4bdc-b06d-0417a1930a11,2023-10-17,South,Product D,Richard Alvarado,4,344.66,1378.64
e03972b6-ed7a-40a1-8f0b-8c86b2ef4d72,2024-06-29,West,Product D,David Tanner,2,231.45,462.9
3c7db812-1790-4152-8cf1-fd46be880de1,2024-04-12,West,Product A,Scott Johnson,6,359.75,2158.5
42208227-4fec-4df1-8736-e3ee63641908,2024-10-13,East,Product A,Robert Ramirez,42,450.84,18935.28
d72a22d0-e702-43cb-804f-84afc0200863,2023-12-30,South,Product B,Jeffrey Mata,4,315.81,1263.24
29253df7-b29d-4b88-a76e-9ae601125c1f,2024-03-01,East,Product D,Jamie Miller,29,274.49,7960.21
07dae6cd-2faf-4fd5-9143-db74c445d204,2024-08-06,North,Product D,Austin Smith,18,224.98,4049.64
025be528-470f-40b6-878d-5ecd4936a468,2023-06-26,South,Product B,Curtis Smith,26,292.97,7617.22
7e62812b-f2c6-4d4c-9b75-ce0a7566fa49,2024-11-30,North,Product D,Alex Smith,44,184.13,8101.72
a57c84a1-e6a5-48b3-a48b-1dabc0982cd1,2024-05-21,East,Product C,Anita Garcia,34,201.83,6862.22
5538037e-7934-449d-a2cb-de159341c65e,2024-01-14,West,Product D,Terry Burke,10,270.61,2706.1
2314a2c4-634d-4b0f-be6a-9d362780d016,2023-12-01,East,Product D,Ashley Espinoza,36,42.64,1535.04
6e0b5d93-d497-4a35-bf03-60be798df1db,2023-01-31,North,Product D,Molly Hamilton,14,122.22,1711.08
4721fb29-12a7-4884-a09a-4b6cd310181e,2024-07-27,South,Product A,Mary Romero,31,276.0,8556.0
7d83a3ab-9812-4d9e-8215-ef29390b07a8,2023-09-21,East,Product C,Cindy Oconnor,48,221.45,10629.6
a8e74ff7-fa89-46b3-b0e6-09c03a721a40,2024-08-16,South,Product D,Thomas Larsen,15,173.08,2596.2
3a8b5dc0-0087-41f5-b09b-6ec9d105d0f9,2023-03-28,West,Product C,Curtis Smith,8,367.97,2943.76
5ddc6e45-72ca-4018-9be0-28473f835444,2024-06-17,West,Product C,Michael Garcia,14,349.92,4898.88
2b45ee9a-a7df-43aa-8cda-b000d8228ff3,2023-07-01,West,Product C,Victor Garcia,23,91.7,2109.1
59deb3cb-376f-4d27-9b72-3d7c62338dbb,2024-11-01,South,Product B,Jaime Aguirre,40,440.53,17621.2
7ed0c21a-579f-4e1f-9949-036ab357eb28,2023-03-14,East,Product D,Ian Miller,21,252.76,5307.96
324d7c9b-40d6-4256-a531-9ada90a0792a,2023-09-11,South,Product A,Robert Ramirez,16,373.32,5973.12
34126bc4-f1c1-421b-a30a-d0a19518f83f,2023-03-21,South,Product A,Christopher Warner,45,290.84,13087.8
519b5c7d-528c-40ed-a983-5bd8ca952248,2024-09-05,East,Product A,Mary Romero,18,498.87,8979.66
8c972dba-d212-4f4c-8c06-9b2437dcd0a2,2023-03-28,West,Product A,Robert Ramirez,47,378.68,17797.96
89ca20e7-3735-46e6-b4d1-5f45ce56df13,2023-05-05,West,Product D,Juan Krause,24,356.42,8554.08
46fcb2e1-dafc-41b9-a82b-82f78e5c16c0,2023-02-04,East,Product A,Jonathan Watkins,26,391.5,10179.0
7909bdcf-764f-47ea-a89f-2020b7c0567f,2024-07-25,South,Product C,Mike Johnson,25,80.13,2003.25
a4da98d4-8d73-4f57-9d0f-7329bf314b90,2023-02-19,South,Product B,Jacqueline Wiley,45,110.23,4960.35
75322c1b-a780-4258-9506-fb9ea6808644,2023-05-03,West,Product A,Sarah Santana,41,359.89,14755.49
dceb781c-9cbf-4265-913e-1f67b07052df,2023-10-03,North,Product C,Jared Thornton,29,252.05,7309.45
66ab96df-62ec-4610-bf1e-7fd41049d002,2023-09-09,North,Product A,Larry Collins,15,379.77,5696.55
ede75296-29f9-4365-a77d-3528da4743c4,2024-06-19,North,Product D,Molly Hamilton,45,60.43,2719.35
a74fb0d9-8249-4adb-b353-8bd793b9c7fd,2024-04-18,South,Product C,Scott Johnson,1,272.88,272.88
ae5fd7ad-8f03-4ecc-bef4-171a1965eb89,2023-02-06,South,Product D,Tyler Scott,25,195.62,4890.5
18a7a25f-ad95-494e-8c2f-7a1862852a7e,2023-06-03,West,Product A,Tyler Scott,7,233.93,1637.51
7e1631e5-914d-4c3b-a100-c45ffdc7c365,2023-11-11,North,Product C,Victor Garcia,9,305.94,2753.46
616787f0-46b5-47f9-9932-9a0d9542a138,2024-03-12,West,Product C,Juan Krause,24,256.12,6146.88
4e397fde-efed-48f9-83ad-f7b90ef1d538,2024-11-16,West,Product C,Jamie Miller,1,274.53,274.53
f434f493-01df-4f8a-8646-bfa4a6bfe09f,2024-11-03,West,Product A,Jared Thornton,44,248.32,10926.08
0ad25d2d-97fa-41d8-82a0-5400431a914c,2023-10-06,East,Product B,Robert Reeves,8,210.39,1683.12
594904ad-f084-4d4e-be5f-e8d4d30a3193,2023-06-21,North,Product B,Elizabeth Huang,24,388.22,9317.28
e6e43c72-428e-44e1-aefd-8aa75d22ef30,2024-04-05,North,Product D,Jacqueline Wiley,11,15.98,175.78
4ce17982-3203-49c1-aadc-31e0c7c2c2fd,2023-06-07,East,Product B,Austin Smith,17,303.24,5155.08
25b2c4b7-f838-464c-aa39-6b5f53061719,2024-07-31,East,Product A,Mike Johnson,8,287.1,2296.8
7277f10c-695c-4e4b-9387-89847500bd6e,2023-02-13,North,Product C,David Tanner,35,360.93,12632.55
ae832eeb-8413-4e28-9cd1-eff646092fdf,2024-12-03,East,Product C,Thomas Larsen,35,303.52,10623.2
215f1e3e-2ed9-4fd3-a2b3-e4c682c06b99,2023-06-30,West,Product A,Scott Johnson,33,415.13,13699.29
ab8532f0-0bdb-4382-8808-d11b060d58a7,2024-08-16,South,Product C,Anita Garcia,5,479.95,2399.75
65b24860-6f52-4db7-b28d-7c3ab7749f1a,2024-06-02,West,Product B,Sara Rice,42,177.84,7469.28
8c3c28dd-e267-4c9c-82ef-09a0a3a85123,2023-06-28,North,Product D,Elizabeth Huang,39,121.4,4734.6
e1727f3d-1e19-4b65-af73-73df5023f1c5,2023-10-24,East,Product A,Molly Hamilton,41,217.56,8919.96
d7f269c4-70f7-46ad-ad07-632131176337,2024-10-02,South,Product C,Ian Miller,28,151.09,4230.52
8a79bba7-b422-4937-b118-10bb22ea91c2,2023-05-18,North,Product A,Thomas Larsen,7,311.33,2179.31
d2fd3acb-a4d6-4de9-90c0-59742cf94deb,2024-03-17,East,Product B,Victor Garcia,9,456.81,4111.29
1d49eaa3-aa32-46d4-abcc-162898398575,2024-06-02,South,Product C,Anita Garcia,8,78.17,625.36
2adc1f70-b2f2-448a-8da8-43ab1531bcf3,2024-07-29,South,Product C,Sarah Santana,12,59.39,712.68
0d4b39fc-9db8-468c-aaa5-4835278e9a9c,2023-12-03,East,Product C,Thomas Larsen,34,135.45,4605.3
b7596fa0-62c2-4afc-8435-dfa76667da8c,2024-11-22,South,Product C,Curtis Smith,33,365.79,12071.07
e90296ca-3937-4127-9061-58800b4dfe4f,2023-05-17,North,Product A,Cody Davis,48,300.55,14426.4
b95b293e-0715-4ae6-b99d-a3eff88db669,2023-09-27,East,Product B,Victor Garcia,23,60.08,1381.84
cd218ed9-a2b5-435b-b4a2-1c7def1c9e22,2023-02-05,West,Product B,Terry Burke,24,460.19,11044.56
98c0897b-fe0d-40b3-a21d-55a5ca9d9218,2023-09-01,North,Product D,Cody Davis,37,397.14,14694.18
38921d0e-b802-4193-89a7-8f064f8cc141,2023-02-01,North,Product A,Christopher Mills,35,21.28,744.8
a55aeed6-309c-4c6e-a8d4-a4c9c57d66cd,2023-08-07,East,Product B,Victor Garcia,44,329.17,14483.48
f3e2ac65-dc93-4a2f-88a1-c6e263f369a3,2023-09-11,East,Product A,Alex Smith,40,387.91,15516.4
ccb70e88-82b5-49fd-ae75-604fb241f043,2024-12-17,South,Product A,Thomas Larsen,22,193.47,4256.34
a575c3e5-34d6-4df9-a8ab-e567251aa0d4,2023-06-24,North,Product B,Diana Padilla,27,43.77,1181.79
9c404a45-1423-424e-93dd-3685f70c5c40,2023-06-15,South,Product D,Alex Smith,35,47.89,1676.15
cd58b6ac-1a16-4164-8761-5d50dc2b0203,2024-10-04,North,Product D,Anita Garcia,1,61.08,61.08
c7314669-2b38-4916-aa92-160142af83ee,2023-12-09,North,Product D,Michael Hughes,35,421.82,14763.7
d9e1b911-b2eb-43e9-bb2f-c7776318f28c,2024-02-18,West,Product C,Steven Roberts,37,456.24,16880.88
15f046c3-ea32-4ca6-a634-3eb0285f0c03,2023-12-09,North,Product B,Jonathan Watkins,47,70.18,3298.46
a4782a7d-43a0-4bde-afe8-8196ebef0883,2023-03-04,South,Product C,Curtis Anderson,14,125.59,1758.26
db1a7e72-a47f-4c7b-8f78-e73fab85154d,2024-04-08,South,Product C,Sarah Hanna,3,91.11,273.33
6c6b0db8-b6ed-428e-84fb-0e79ef6b8d96,2023-11-02,West,Product C,Michael Hughes,1,101.3,101.3
011933b9-f354-4c68-be0a-e0af9a604f3b,2023-10-31,South,Product A,Ian Miller,5,420.37,2101.85
8df5a8a9-d1fe-473b-9af4-2a8552d91c59,2023-06-14,East,Product A,Richard Casey,26,172.75,4491.5
65bc772f-b51b-4a41-8f4f-3376b7b3ac9c,2024-04-01,West,Product B,Juan Krause,14,162.61,2276.54
3c367f01-9cb9-4dfa-8789-41db2f998ef5,2023-08-26,South,Product B,Christopher Mills,39,121.42,4735.38
3179ccfe-495f-4f38-a0a3-4ca295821078,2023-07-19,South,Product A,Roger Henderson,27,307.87,8312.49
32c5ffb8-1230-4b55-b754-8b6e37b4ef96,2024-10-21,East,Product A,Jacqueline Wiley,9,195.86,1762.74
28a2621b-030f-44ce-b238-196faa1eb882,2024-04-26,West,Product C,Curtis Anderson,15,374.68,5620.2
d1ddb0fc-6f46-4ff7-8fb0-7bdc9f5536b0,2024-08-18,East,Product D,Garrett Scott,15,110.73,1660.95
c35d82b2-dea3-4bf0-9c8d-3dc6366589b4,2024-01-12,West,Product D,Jared Thornton,26,396.02,10296.52
69f6eda6-f767-4a9b-8c42-a9c722af578c,2023-03-13,West,Product D,Richard Casey,42,305.82,12844.44
694c864c-8300-4c13-9167-ff6bea8fadef,2024-10-03,North,Product D,Christopher Warner,13,65.99,857.87
acbb4b76-3a1d-49c2-8ef3-90d517024912,2023-06-12,South,Product D,Cindy Oconnor,32,213.11,6819.52
e7cca836-d56c-4528-b3b8-9060f359bff0,2023-06-21,South,Product C,Curtis Smith,39,433.12,16891.68
002ebdda-2cb4-4279-98b2-e1a7567ef16c,2024-02-25,North,Product B,Mary Romero,49,462.25,22650.25
b626dd23-1803-4a29-b466-3b4eef71c9e6,2024-11-21,East,Product A,Michael Hughes,32,238.19,7622.08
e0239604-c0e4-4f1f-876f-3b13870002b7,2023-10-15,North,Product C,Robert Mcdonald,4,245.61,982.44
2667c4e6-8a3a-4f3a-9355-79985bc35ca3,2024-07-04,South,Product D,Roger Henderson,30,460.04,13801.2
a44fe79b-13fa-4baa-a9b4-33a066f9cddc,2024-09-11,South,Product A,Sarah Hanna,37,297.66,11013.42
9e9f3bc5-a229-4fc1-9dd7-16f34815f799,2023-09-21,North,Product C,Robert Mcdonald,23,26.09,600.07
cb5273dc-23ee-4168-8b09-320dc2b3c972,2024-03-14,North,Product D,Jaime Aguirre,39,457.25,17832.75
b303cda7-9981-42f1-a7fc-61d476639996,2023-01-01,North,Product C,Sarah Hanna,45,131.63,5923.35
176b1097-57b4-4b30-aaaa-db073d1333d6,2023-11-01,South,Product A,Thomas Larsen,15,293.04,4395.6
b68bffee-6f5a-4895-a7e6-cbea809585ee,2024-10-25,North,Product B,Larry Collins,43,91.1,3917.3
13dbf8a2-cc04-4c49-9dc8-3d979edeaf36,2023-04-05,North,Product D,Richard Casey,29,26.6,771.4
fa05a5e9-f1df-4a82-8ad7-cdf33daf9ee1,2024-05-11,East,Product A,Alex Smith,36,162.62,5854.32
38873b3d-abf1-4dc4-a1d3-04c8842ba2a6,2023-01-07,North,Product A,Scott Johnson,13,392.44,5101.72
83253052-ace5-4dd3-9bf7-03e9ce7d137d,2024-04-15,South,Product B,Juan Krause,32,146.02,4672.64
21b088cd-ed26-4192-9785-5d0e17bfe8bd,2024-06-08,East,Product C,Richard Casey,7,117.85,824.95
90248600-c8b8-4d84-afd0-9f34e8e44c4c,2023-01-09,West,Product B,Larry Collins,22,114.21,2512.62
9972eb25-992b-4481-aa3c-f72a61406990,2023-02-22,South,Product B,Steven Roberts,28,262.44,7348.32
9f46ecad-4cab-4060-a00a-275344fc8d6d,2023-07-21,South,Product C,Victor Garcia,2,488.02,976.04
ce41b19f-f5b0-4bd9-b5ef-f595bd57c8a6,2024-07-27,West,Product C,Eric Castillo,42,234.9,9865.8
4fa1e0d1-80a1-40db-a69c-9104427f6c31,2023-03-02,South,Product C,Alex Smith,45,283.08,12738.6
eb6445e4-8705-4d82-a5d1-0c748276a11b,2023-12-17,West,Product A,Jamie Miller,6,431.71,2590.26
d0a081bf-bb24-4b02-ad88-793c6527f87a,2023-08-02,West,Product A,Larry Collins,28,272.18,7621.04
36879fed-068a-4bed-a6be-422a79321176,2024-09-03,South,Product D,Cindy Oconnor,28,100.39,2810.92
ad6cdc70-9b5c-4fc7-ae8f-3aa599c5fed4,2023-11-19,North,Product D,Jessica Mckee,44,156.8,6899.2
33a1a8b9-e47d-4bc1-a487-d8783a8021f8,2024-11-03,North,Product B,Sara Rice,44,161.87,7122.28
f89bffa4-defd-46ac-9101-4d4826ba19b2,2023-04-07,West,Product B,Shelley Miller,20,204.69,4093.8
c8d9b0d7-190f-4b3d-b3d9-1c0b14887b4d,2024-09-06,East,Product D,Diana Padilla,30,219.13,6573.9
c155fb95-a270-4dbf-8625-ec2f4aa66a84,2024-07-12,West,Product B,Michael Garcia,11,401.89,4420.79
a3ace056-26d1-4fb6-88f4-4ca0aa3fa270,2023-06-16,West,Product C,Michael Garcia,28,181.2,5073.6
f159cec9-8265-4d57-a0ad-9f46df97cd13,2024-04-26,West,Product A,Steven Roberts,25,239.43,5985.75
9b73a1cd-09aa-4d67-af0a-25e927480757,2024-05-06,North,Product D,Jared Thornton,39,316.24,12333.36
c50c0b62-ba0c-4691-b754-71978c183869,2024-03-03,North,Product A,David Tanner,33,195.09,6437.97
4df3dc16-e8ff-4e4d-bec7-f251b665d7ec,2024-10-31,North,Product D,Robert Reeves,1,419.92,419.92
081eb7ef-8414-4a9e-afaa-1232ebaa6d82,2023-01-09,West,Product A,Robert Mcdonald,27,297.85,8041.95
c68011b9-5593-4e15-8c51-c3f62353468f,2023-04-21,East,Product D,Steven Roberts,13,154.08,2003.04
c5569c85-652f-481b-a6f5-74d3c32f9c17,2024-04-16,North,Product A,Molly Hamilton,41,359.89,14755.49
101ac434-7d65-4f52-b357-7ab08639cc75,2024-01-06,South,Product C,Terry Burke,3,268.55,805.65
a786d3a9-dadb-48e1-9918-340b06bab584,2023-05-19,South,Product D,Eric Castillo,39,271.88,10603.32
d1462439-2fa5-4417-bdc0-063afc7e4d77,2023-05-22,South,Product D,Richard Alvarado,6,245.73,1474.38
0fc79a5c-b597-4ce3-b0b3-91123264185c,2024-11-07,West,Product D,Danny Casey,8,253.54,2028.32
744dd78d-ed63-41db-9dd4-c01ff4abf7a7,2023-08-01,South,Product C,Mary Romero,27,385.02,10395.54
944c5244-1293-47cd-a7bf-38f8cec91d7b,2024-12-05,West,Product A,Richard Alvarado,9,60.46,544.14
cc9016c0-d5f0-475b-9bf7-22b9fc83b943,2024-06-27,South,Product D,Curtis Smith,37,173.84,6432.08
42ef034d-eaea-4a17-9218-6780c7aacfe1,2024-02-14,East,Product A,Mike Johnson,33,47.0,1551.0
c88124e5-888a-4517-9bb4-a159fc452821,2023-09-26,West,Product C,David Tanner,42,379.09,15921.78
df2d23d3-bec9-4952-83bd-c6b7999fbcda,2023-09-03,South,Product B,Jessica Mckee,44,143.43,6310.92
3fffbf73-315c-4881-a1b0-a689fb4a136c,2024-01-03,North,Product D,Jacqueline Wiley,24,449.74,10793.76
67a6fd97-73c2-47aa-83af-100d555ea63b,2023-09-18,West,Product C,Ashley Espinoza,15,268.02,4020.3
5db6344e-2682-4399-b21d-2e46d12d6667,2024-10-02,North,Product A,Sara Rice,32,402.37,12875.84
08a118d3-6f61-4f9c-981a-20718ef6242c,2024-10-14,North,Product D,Danny Casey,32,489.68,15669.76
49d055b0-870e-447a-be29-b2b090428f47,2023-08-24,North,Product A,Anita Garcia,24,421.5,10116.0
2a411bc8-43ca-4675-87cb-4eab26da4bf3,2024-04-28,North,Product B,Anita Garcia,41,434.83,17828.03
2d5b0f29-9ad5-40bf-93a8-e9d4908e49e7,2023-02-06,South,Product D,Ian Miller,49,209.91,10285.59
414215d8-b452-4f4f-b311-afaa4d2a70cd,2024-03-29,South,Product D,Jonathan Watkins,49,280.34,13736.66
2019c862-5a2a-4f14-a0c4-837a4c544eef,2024-05-25,West,Product A,Danny Casey,12,134.41,1612.92
929e3939-7b8e-40dc-9386-5beff4b1c481,2023-02-25,West,Product D,Richard Alvarado,39,106.1,4137.9
4883c1ea-d4c2-434f-8765-880e18234700,2023-02-24,West,Product C,Austin Smith,2,257.7,515.4
4c5faf8c-305a-4e08-ad2c-7e79ae178523,2024-11-10,South,Product C,Austin Smith,3,301.57,904.71
e95b98ab-3bf6-4b22-a53f-fcc5d232b748,2024-02-27,West,Product B,Scott Johnson,49,176.24,8635.76
49c3c9bc-59c6-4a02-8558-587c04991712,2023-09-30,North,Product C,Jaime Aguirre,37,289.03,10694.11
26a59dc7-a4cf-40b5-82b5-5d74fe34f308,2024-07-28,South,Product B,Michael Hughes,49,444.86,21798.14
42053926-4737-44a2-98e2-5ef413ffe1db,2023-09-13,West,Product A,Roger Henderson,17,282.79,4807.43
8a79fb72-944d-49bf-83b3-da0aba50d358,2024-10-09,North,Product A,Richard Casey,49,363.2,17796.8
559bff5f-51a7-468d-866a-62e7921d42eb,2024-10-30,West,Product B,Jessica Mckee,2,404.6,809.2
bbf780dd-15fa-42f6-9fed-b27e5d7312f5,2024-12-04,East,Product C,Cody Davis,2,494.48,988.96
c575c8ca-2fd4-4175-a7ee-8bc9e723e2ed,2024-06-09,West,Product C,Danny Casey,28,305.57,8555.96
7015edb7-d788-4575-9ce0-030d62991fbf,2023-04-30,East,Product B,Thomas Larsen,23,405.36,9323.28
acff8f58-b61b-4402-b122-8b7596fd8a5c,2024-11-17,West,Product B,Shelley Miller,37,481.7,17822.9
a3a85fee-cc3f-413b-bbb5-2827ba66ba34,2024-03-31,West,Product A,Anita Garcia,32,472.76,15128.32
ea7c9b9c-5a88-4978-86fb-3c140fd5c4f4,2023-11-13,South,Product B,Elizabeth Huang,33,79.13,2611.29
37fdc458-b774-4dd1-9471-94737913a7c8,2023-07-02,South,Product C,Mike Johnson,1,209.13,209.13
f0ab50b2-a9e1-45d4-8245-7f8fb337937c,2024-11-28,East,Product B,Michael Garcia,19,168.76,3206.44
a84fcf19-045c-4008-8f18-237204d2812a,2024-02-12,South,Product B,Steven Roberts,2,52.59,105.18
57412e99-317b-4e7a-8639-54da43266bfe,2023-05-01,North,Product B,Jonathan Watkins,44,320.29,14092.76
12cf0181-e5ae-4d48-b806-5df8c408050d,2022-12-28,North,Product A,Jacqueline Wiley,26,370.59,9635.34
81c39a2c-32be-4d39-88f9-347cae0212c5,2024-04-05,East,Product B,Christopher Warner,32,425.58,13618.56
929f75e6-80df-4d38-87af-6d150b791879,2024-03-02,North,Product D,Jessica Mckee,6,70.16,420.96
59a0e620-45fc-495a-bb91-bbcf7afa0464,2024-04-12,North,Product D,Mike Johnson,32,439.46,14062.72
aef2bf5a-4910-4293-a8bf-130adf242dc1,2024-05-27,West,Product D,Jaime Aguirre,4,325.03,1300.12
e63bc3c6-2b99-4aab-b0f0-30b21d775bae,2023-08-27,South,Product C,Eric Castillo,11,354.93,3904.23
9af7f590-f771-428e-898c-b42505126167,2023-04-02,North,Product C,Jonathan Watkins,17,456.21,7755.57
763e32fd-e13d-47f2-8692-3237a4867eae,2023-01-19,North,Product B,Curtis Anderson,38,316.13,12012.94
0a9977dc-1c01-45e5-b897-177ed349e62f,2024-04-01,South,Product D,Sara Rice,24,174.57,4189.68
f0c480ce-eb4c-4903-9c6e-cac62665a1d3,2022-12-22,North,Product A,Eric Castillo,5,414.3,2071.5
8a7f7f14-83e5-4b20-a758-9f698bbad5d7,2023-03-15,North,Product D,Alex Smith,34,187.9,6388.6
72e4945d-f666-47c1-8a06-11a4c4ebaef5,2023-04-01,South,Product D,Mike Johnson,6,26.77,160.62
f8e95b48-7723-4089-8f7f-e36ff2390b7a,2023-11-08,West,Product C,Sarah Hanna,22,417.02,9174.44
898d8244-eac7-4fbe-8beb-3c0be63d2c71,2023-11-27,North,Product C,Jonathan Watkins,11,179.14,1970.54
44c7f9b8-eead-4cc7-8dbf-e28c2f061e81,2023-02-12,South,Product A,Diana Padilla,48,389.18,18680.64
96c9e3ec-a9c5-4332-b6f2-2b72dea0b6b9,2023-07-25,North,Product C,Robert Ramirez,16,187.75,3004.0
28058af9-b015-4920-b32b-64f6ee5803db,2024-02-03,North,Product A,Larry Collins,33,431.92,14253.36
42583ec0-adbb-4cb1-9418-9b9342e1b508,2023-10-25,West,Product C,Christopher Warner,9,117.56,1058.04
76429f00-7f81-4373-9bc7-32f41891f632,2024-10-01,East,Product D,Tyler Scott,6,487.53,2925.18
2721c1e5-b996-4f31-8ddd-3436215a5a44,2022-12-29,East,Product D,Jared Thornton,16,392.08,6273.28
30fbd978-2403-43ce-94e5-675b658c97ed,2023-04-17,South,Product A,Ian Miller,29,65.98,1913.42
92371eba-65f3-4965-9b69-5aa88397b31a,2023-10-19,East,Product A,Garrett Scott,3,287.23,861.69
3be1ebd4-ab14-4b4a-9e61-9fc2c1702284,2023-08-06,South,Product C,Richard Alvarado,20,492.83,9856.6
ba4e3b1b-ffeb-4b77-8bdc-c2516a564522,2023-09-20,East,Product C,Curtis Anderson,36,240.82,8669.52
b02d6582-8ca6-4e84-aa87-365dd963decf,2024-06-06,West,Product A,Ashley Espinoza,19,99.23,1885.37
8c859d2a-8990-4ab7-95d5-7a56262e8674,2024-11-08,South,Product A,Cody Davis,26,247.54,6436.04
fc6e7f8a-64a2-46db-9b53-b6543b41fe97,2023-07-03,East,Product D,Mike Johnson,3,261.1,783.3
b8b0383e-5250-40cc-933f-593526a5a38e,2023-10-10,West,Product D,David Tanner,19,373.43,7095.17
4d16c5f1-129b-4f05-92c4-36cdd96c304a,2023-09-08,East,Product A,Mike Johnson,20,352.43,7048.6
bac012a1-3ce1-45cd-a6f8-e95cc95fe77d,2023-04-10,North,Product D,Austin Smith,32,207.25,6632.0
005c9879-769f-4e4d-9f95-ba95008c7ea5,2024-04-18,North,Product B,Sara Rice,7,116.83,817.81
55886f22-d12b-4008-96ab-13db2eb79e45,2023-12-02,West,Product C,Alex Smith,41,326.08,13369.28
7c884179-d5f4-4ec9-8821-7cf2fb11afa0,2024-08-30,North,Product D,Elizabeth Huang,33,216.63,7148.79
5d54f6b1-fc0f-434b-bcbd-9c4c44ce5b14,2023-12-17,North,Product B,Austin Smith,40,74.82,2992.8
d636ed3c-3517-4deb-bd56-8dec990ce27b,2023-03-09,South,Product A,Ian Miller,39,451.28,17599.92
85625a19-88de-4124-a64a-e539026dac60,2023-12-08,East,Product D,Sarah Santana,18,348.7,6276.6
a5fcd420-c5cb-486e-bf5c-8a25c0bf2663,2023-05-28,South,Product A,Christopher Mills,40,344.76,13790.4
4158b06c-a289-4fa2-8fd3-6b82fbe4591a,2024-05-11,East,Product C,Jessica Mckee,1,413.07,413.07
fd30d42a-513b-4b58-abba-1e96d6f6fd41,2024-10-26,North,Product A,Victor Garcia,11,269.53,2964.83
b3ea1ac1-0885-46c7-84f7-749d26d0a1cb,2023-11-11,South,Product B,Danny Casey,28,409.38,11462.64
59b0a573-0260-4f77-b907-9f2df6184b48,2024-07-26,East,Product A,Cindy Oconnor,25,254.06,6351.5
a6f5a263-3887-4494-b601-20aca480042f,2024-02-26,East,Product B,Sarah Santana,23,42.92,987.16
f5454839-088b-4068-a0af-dfa9f02ad12c,2023-11-21,South,Product D,Terry Burke,31,208.57,6465.67
de7f711d-18cd-4334-9055-3ed12283587d,2023-02-08,West,Product D,Michael Hughes,30,253.76,7612.8
2892c998-1834-445a-a7ce-6764b6063cc5,2024-12-03,East,Product B,Michael Garcia,42,362.9,15241.8
ffce4923-6716-4235-941f-5daaf535bed2,2024-04-19,North,Product C,Shelley Miller,35,62.22,2177.7
e9a55ca3-1e0e-482f-a8ec-e249d65e989d,2023-07-29,East,Product C,Jacqueline Wiley,7,78.61,550.27
76dcbea6-0886-463b-991c-66a1709ec600,2024-08-24,North,Product C,Curtis Anderson,16,139.21,2227.36
6cd1587b-3ccf-4c1c-9ac4-fb54f96e86c4,2022-12-21,South,Product D,Elizabeth Huang,26,140.58,3655.08
93506a01-728d-437b-9b16-3fc9b2042094,2024-03-18,East,Product D,Kyle Chavez,48,368.77,17700.96
2ef81bd9-1e3e-4276-b008-d0be90cae208,2023-05-11,North,Product C,Jeffrey Mata,49,132.86,6510.14
6febd2fc-48c6-4cc7-9668-a2c15eeddea4,2024-05-25,North,Product A,Robert Mcdonald,2,320.22,640.44
b4a8954a-c22f-474d-8d5e-8ef1ce7a6931,2024-05-21,South,Product C,Kyle Chavez,1,252.19,252.19
71b0a86f-e847-4d4b-80bc-95721da508c2,2023-09-02,East,Product A,Richard Alvarado,48,290.91,13963.68
3fd15275-d5aa-4633-88cc-05e4061ee63a,2023-04-23,East,Product C,Jeffrey Mata,12,420.67,5048.04
1d37e8e2-aeca-4c94-bdfb-c8b078d335d8,2024-04-23,South,Product A,Robert Ramirez,5,208.15,1040.75
15d2fe32-aac0-40ec-a803-7e644319c2e5,2023-07-20,East,Product D,Larry Collins,37,387.75,14346.75
7e36eba7-32e2-4a4a-915f-c559d7e4d937,2024-03-18,South,Product C,Roger Henderson,32,216.8,6937.6
4b0ff2cd-8328-42d1-b40d-7ad0bf763e33,2024-03-16,East,Product C,Eric Castillo,9,183.4,1650.6
d1a91ef9-b6f8-4e24-8904-0aaf326c6c45,2024-06-06,West,Product B,Lindsey Ruiz,41,479.73,19668.93
4fda79ff-e883-467d-9d0e-06005d6f0496,2024-03-11,East,Product C,Thomas Larsen,35,100.34,3511.9
a0655b67-7d4a-4d17-a3e8-6a0ee08259f5,2024-02-08,North,Product A,Jacqueline Wiley,19,54.27,1031.13
33630150-6fc3-4fc5-9b32-b53179fd51fc,2023-12-24,North,Product B,Terry Burke,48,387.78,18613.44
bdefc818-515e-45e8-a346-5f263bf14ae1,2024-12-15,West,Product C,Scott Johnson,16,43.44,695.04
e874bba3-5a6b-4355-b501-bcddbc82856d,2024-05-15,East,Product C,Austin Smith,3,420.17,1260.51
f989c65d-0b83-4ecc-b6e0-44c85507b78d,2024-06-14,North,Product D,Shelley Miller,20,224.22,4484.4
674b183d-9aa0-4326-8774-875f9bb99705,2023-11-17,North,Product B,Diana Padilla,24,458.6,11006.4
5c6097b8-2055-4cc4-9ccc-9a11686b0bdc,2023-06-25,East,Product A,Sara Rice,33,363.55,11997.15
00734bf9-0629-4abf-a198-1dad013f2040,2023-10-07,South,Product C,Tyler Scott,24,309.1,7418.4
8332a885-4900-430d-ae03-56962cd1e552,2024-08-02,East,Product D,Sarah Hanna,11,475.16,5226.76
1c738ee4-dbf7-4379-9316-b421399f228a,2024-02-25,South,Product C,Austin Smith,49,204.36,10013.64
578fe7f2-1a94-4c45-a666-51ff1526b8f1,2023-02-27,West,Product B,Danny Casey,8,477.5,3820.0
c91d5486-924b-4bca-aa96-c38c90a56bf2,2024-11-12,West,Product A,Jeffrey Mata,36,76.15,2741.4
33c031f4-64b9-4186-8dc6-446afa050931,2024-05-29,North,Product D,Robert Mcdonald,38,247.04,9387.52
72b851b3-f51a-4ad4-b82a-8f30db612a99,2024-04-25,North,Product C,Jamie Miller,40,142.26,5690.4
17e9a61a-fbd5-44bc-9230-5e10defb690b,2024-08-30,North,Product A,David Tanner,20,274.52,5490.4
ec875ef9-7318-4327-b973-e9d20184da71,2023-11-28,South,Product C,Garrett Scott,35,89.39,3128.65
a00b7dae-066c-44af-b143-39fb7a172d9c,2022-12-22,North,Product C,Curtis Anderson,48,422.35,20272.8
dc96bf5b-2887-4a72-8d0f-0532f48f09fa,2024-09-24,East,Product B,Danny Casey,25,424.74,10618.5
ea3177d2-e2a7-4303-8145-be3e922415ca,2023-06-25,South,Product B,Eric Castillo,35,478.07,16732.45
2a39bf43-3d8f-4ec7-bd4b-7474b51d6c15,2024-04-14,West,Product C,Jared Thornton,25,85.79,2144.75
245a3d19-5055-4177-b34c-c587e7006afb,2023-01-31,South,Product D,Austin Smith,29,315.43,9147.47
791aced5-008b-41c8-857a-256e165c51b1,2024-03-08,North,Product B,Garrett Scott,18,242.38,4362.84
ffef2cee-1522-4045-b409-44a57ab5a8c6,2022-12-24,East,Product B,Roger Henderson,46,178.75,8222.5
05d443c4-fe9d-4afa-9851-cc5fefa50e3e,2023-11-22,East,Product B,Jared Thornton,18,182.25,3280.5
0ac4f063-8d55-4bd7-a619-f1ff2cfa3bed,2023-10-24,North,Product B,Sarah Santana,2,212.27,424.54
b01c1006-05f2-4f60-84b3-69733b9676e8,2024-11-15,East,Product A,Austin Smith,35,355.41,12439.35
ab29364d-7f46-4447-b864-33dffe8f5b90,2024-11-19,South,Product C,Robert Ramirez,16,303.16,4850.56
2f568c7f-ab2e-4546-a812-7e4f4a4e9d45,2024-02-08,South,Product A,Mary Romero,41,235.24,9644.84
43b9e000-2d77-493c-8d18-96fac602aee6,2023-09-22,North,Product A,Michael Garcia,36,47.21,1699.56
690e5c5e-6b78-40dc-aa5d-a1b886719369,2024-01-11,East,Product C,Danny Casey,33,48.11,1587.63
4b88fa19-54c2-45a7-b44a-7cdd6549de22,2024-10-20,West,Product B,Richard Casey,4,11.15,44.6
d4275e49-cf30-43a7-af51-022a898dc2fa,2024-01-13,South,Product D,Ashley Espinoza,33,484.17,15977.61
32f716c1-8f43-4e72-861e-2be8f4cc36e2,2023-07-21,South,Product B,Lindsey Ruiz,14,12.57,175.98
70b87c23-b19e-43d3-b2c2-7965cf121da5,2023-06-10,South,Product B,Mary Romero,21,60.52,1270.92
6366c7c6-6cc6-4cda-9301-582305533fef,2023-03-06,South,Product B,Ian Miller,48,164.15,7879.2
856751ed-b13a-4265-9f6f-37d97cd12a6a,2024-12-05,West,Product B,Eric Castillo,20,405.64,8112.8
a2004d6f-a70d-4ed1-8856-7aafa8ffe133,2024-06-16,North,Product D,Michael Garcia,8,481.43,3851.44
0c3ab481-387d-4a74-b3c2-d7e03f93d013,2024-03-26,South,Product A,Christopher Mills,7,397.11,2779.77
f7631775-1751-4802-8f16-58aabf34a3a7,2023-08-30,East,Product D,Danny Casey,3,348.37,1045.11
324d5f49-a82e-4c4e-b810-ad196bf60087,2024-03-29,West,Product C,Diana Padilla,17,265.44,4512.48
15dfa7ab-0af1-4195-8420-bfe6fa5df9d8,2023-01-13,South,Product B,Shelley Miller,33,52.49,1732.17
e3bedcf5-dfec-46bc-bef6-3aacc0684f7e,2024-11-26,East,Product D,Lindsey Ruiz,48,479.5,23016.0
925e60e4-f9b8-47af-afc4-b6788f75ff00,2023-02-03,South,Product C,Scott Johnson,12,381.61,4579.32
219f55ea-e336-43fa-9508-05bfb867c734,2024-11-18,North,Product D,Scott Johnson,22,323.09,7107.98
33dd9607-d007-441b-8367-3b7eec420ff6,2024-09-26,West,Product B,Cindy Oconnor,22,381.93,8402.46
0012cb30-362b-407e-92de-d7804b6e6272,2023-07-20,North,Product B,Juan Krause,46,364.81,16781.26
06eace52-0aea-47d5-9024-75b9f60dc0f2,2024-01-25,West,Product C,Michael Garcia,30,322.24,9667.2
32aa4353-fd18-4a39-8329-784a383ec923,2023-10-04,South,Product D,Larry Collins,38,490.48,18638.24
29ea0927-569f-4d6e-a34f-8d4402072a74,2024-02-17,South,Product B,Danny Casey,38,452.65,17200.7
ab120d82-9dee-4f2f-95f8-84ec17f1b2af,2024-08-04,West,Product C,Terry Burke,45,326.87,14709.15
a85407fb-62b7-4cea-9964-1f2e2e3443e5,2024-02-18,East,Product D,Scott Johnson,8,349.66,2797.28
ab468c85-e632-41eb-80a4-21c948a4d232,2024-05-06,East,Product D,Danny Casey,27,35.28,952.56
3066f5e4-794e-4045-9927-e9d5d3f34639,2024-12-03,South,Product C,Kyle Chavez,27,338.26,9133.02
35336f16-7235-4792-afc6-66f32a21803f,2024-10-07,South,Product D,Kyle Chavez,34,31.64,1075.76
539c329d-8307-4772-8adb-bce9156e1a64,2024-06-19,North,Product D,Robert Ramirez,21,298.25,6263.25
6d67ebfa-836a-4b4c-b58f-e701b764c5c6,2023-11-04,South,Product B,Austin Smith,30,499.68,14990.4
3f5f1176-f178-41f6-bfb0-7719ef27cdbd,2023-12-31,West,Product B,Richard Casey,33,282.35,9317.55
b5483044-3a94-4142-9188-eee2f7c2ed76,2024-02-28,East,Product B,Jamie Miller,28,241.87,6772.36
79c9ae12-8985-4784-afe6-906ea83044de,2023-04-28,East,Product C,Juan Krause,47,163.3,7675.1
90064027-f353-4eca-a3e3-c338abe4012b,2024-09-04,North,Product A,Austin Smith,33,69.06,2278.98
d75ea654-4e1c-47af-93f6-35389b28e901,2023-09-26,East,Product D,Jeffrey Mata,5,368.2,1841.0
bef71972-ac7f-46a6-a0c0-419dece5ac35,2023-03-19,East,Product C,Danny Casey,48,104.37,5009.76
a24517ef-0e20-4c0c-8eee-fa8867e9bf7a,2024-12-13,West,Product A,Victor Garcia,19,66.49,1263.31
ba00514a-b286-42ba-80ec-7c395029f743,2023-07-02,East,Product A,Scott Johnson,4,216.66,866.64
1f68fb6d-88f9-4da0-985a-917cbccd72fb,2024-06-08,North,Product C,David Tanner,35,399.72,13990.2
9e401e2a-fd53-4d3f-934f-060de053be91,2024-02-03,North,Product A,Mike Johnson,49,375.08,18378.92
bce33c96-31e1-4b8c-98b3-68d86cf454f5,2024-02-28,East,Product B,Steven Roberts,17,36.89,627.13
723486a9-80e9-4b6d-9157-115e572ae6d7,2024-02-25,South,Product C,Cody Davis,44,233.02,10252.88
44828686-ae33-42f2-9564-8b2c2827af9a,2024-02-17,East,Product D,Sara Rice,28,265.99,7447.72
c129beca-485c-430b-b16e-75af03e8e6c1,2024-02-25,North,Product B,Austin Smith,30,325.83,9774.9
1bb2ad7b-9211-4d6d-a41c-98fe2e6d7913,2024-11-05,North,Product D,Cody Davis,29,328.58,9528.82
d868fc68-4b20-43ca-92e6-f06c57d5283d,2023-07-22,West,Product A,Christopher Mills,46,188.7,8680.2
90fb50c5-fa3c-42b2-ac8b-2b09288ffb08,2023-07-01,East,Product B,Eric Castillo,6,284.73,1708.38
f8e37ae2-2d7b-410d-b3e9-27023c77d4e0,2023-10-18,East,Product D,Ashley Espinoza,35,245.72,8600.2
f5ff8b08-998f-4cd9-af52-966a11ee923d,2023-04-28,West,Product C,Eric Castillo,41,443.65,18189.65
99c107fd-260c-4def-a175-4ab8f0ca6a71,2024-07-21,North,Product A,Thomas Larsen,37,269.83,9983.71
5e89a41d-1489-4ba0-99af-f51031c4fc19,2024-10-28,West,Product D,Jared Thornton,24,226.11,5426.64
1f8cad16-1144-4c72-a5e1-8ae5f0b15c53,2024-05-03,South,Product A,Curtis Anderson,29,208.2,6037.8
15aa56aa-50f3-4e22-a1ec-a05700b07a05,2024-05-21,East,Product D,Cody Davis,49,290.49,14234.01
ade498b4-3650-47f6-96a3-7ac396c12b1b,2024-11-25,North,Product C,Shelley Miller,46,403.95,18581.7
296c88c3-a129-4354-ac0f-91ee3cafb175,2024-07-15,West,Product B,Eric Castillo,31,273.82,8488.42
a1473e87-d5f7-4418-9166-c4d1b8eae9a6,2024-05-31,North,Product D,Juan Krause,35,334.21,11697.35
af3b9552-11e2-4023-b62f-2da9cef69bcd,2023-12-16,South,Product A,Ashley Espinoza,33,371.55,12261.15
d3511134-6e81-4798-8acc-933a5e76c6a8,2023-09-30,East,Product C,Jaime Aguirre,21,264.88,5562.48
75849dda-9f3d-4939-a8d3-a0826aa21a1d,2024-01-12,West,Product B,Curtis Anderson,32,219.14,7012.48
044b3735-c0e8-4fc4-863a-782b5570ce2b,2024-10-05,North,Product A,Mary Romero,23,439.57,10110.11
cb86c714-b3eb-43ec-8037-e20618d115cb,2023-04-11,East,Product C,Molly Hamilton,33,214.58,7081.14
a6b94606-a259-417d-b173-01400427479c,2024-07-27,East,Product A,David Tanner,3,236.35,709.05
17e19876-17a1-455b-ad86-66c8a8eaf853,2023-11-20,North,Product C,Victor Garcia,18,495.27,8914.86
add086d5-df32-4732-a8d1-038c392b7289,2023-03-21,East,Product B,Roger Henderson,25,10.12,253.0
074982af-befe-4ff3-a48c-75fa29da5cbf,2023-05-06,East,Product B,Thomas Larsen,42,100.88,4236.96
25537adb-4ccb-413e-8bfa-a95a0a48c706,2023-09-25,West,Product A,Kyle Chavez,31,198.14,6142.34
03ec5b31-b59c-4f9f-a956-2fe1bb12f4c9,2024-01-29,East,Product C,Robert Mcdonald,3,466.97,1400.91
e4c7b69d-6248-4a31-9556-27086370b875,2023-04-17,West,Product D,Robert Reeves,40,44.31,1772.4
2ef66959-6b17-45e7-98e6-470906cb0508,2023-03-11,East,Product B,Curtis Smith,46,14.65,673.9
db644141-b35f-4d2a-88d9-a8783da101bb,2024-02-23,South,Product D,Michael Garcia,24,35.82,859.68
b8826dfc-6203-4374-aa2b-5ccd1abbfb5b,2024-08-12,South,Product D,Christopher Mills,32,53.39,1708.48
4d7c809f-9f8f-4896-87da-b0d100182517,2024-09-08,West,Product A,Ashley Espinoza,47,28.42,1335.74
9d7223cc-d85e-4a29-8986-033dfcd16d39,2023-08-01,West,Product A,Richard Casey,22,245.09,5391.98
a82a719e-8dfe-44ff-9765-19b373084c99,2024-09-27,South,Product A,Richard Alvarado,23,294.57,6775.11
8e94dadb-f8a7-4bc9-9744-6ac9359cd714,2023-02-18,East,Product C,Elizabeth Huang,2,143.13,286.26
bfd4355b-de0f-4da5-80c9-c301acc06234,2024-05-29,West,Product B,Robert Mcdonald,27,205.16,5539.32
7823c20e-275c-4c93-8125-1a6a8b7b84e0,2023-10-15,North,Product B,Austin Smith,42,54.93,2307.06
ba662d10-36fa-446b-9ec3-eaed61b1a1b1,2024-04-17,East,Product D,Elizabeth Huang,2,174.82,349.64
44e1f958-498f-4e25-bb92-8673de81648e,2024-11-09,East,Product A,Lindsey Ruiz,26,266.03,6916.78
9d470e25-d92f-4b13-b663-5cfda139160f,2024-10-07,South,Product C,Elizabeth Huang,17,368.81,6269.77
598a6db9-22e4-47c4-bd5b-262e4bfd36f6,2024-04-26,West,Product B,Shelley Miller,40,11.64,465.6
7d50fd79-c8e3-44a6-a084-da86e75fd4f8,2023-06-28,East,Product C,Anita Garcia,33,238.98,7886.34
6ff03399-9c6e-4dd5-b190-af4484f783e5,2023-06-17,West,Product A,Kyle Chavez,9,155.53,1399.77
5dda6c40-cb9f-4f1e-b401-01a07e287827,2023-08-22,West,Product A,Christopher Mills,43,427.88,18398.84
ccced423-4dbd-42d3-a61a-5bb1b94641b4,2023-08-01,West,Product B,Ashley Espinoza,48,360.62,17309.76
ba087845-a51d-4608-8c8b-320a3346ded9,2023-09-17,South,Product D,Robert Ramirez,39,298.66,11647.74
3b12053b-dd04-4549-b64a-382b961b50a7,2023-04-15,West,Product D,Kyle Chavez,29,145.86,4229.94
9f240f8f-06ea-4a53-bd59-fd3e47caca45,2023-05-28,South,Product A,Jessica Mckee,42,456.07,19154.94
c9a53a7c-f4f3-4d7c-8bd2-50b9847e287f,2023-04-13,North,Product A,Robert Reeves,26,32.1,834.6
10e2bbd5-73da-42fc-9b6f-07d97a53d1fb,2023-12-18,East,Product D,Jaime Aguirre,35,63.64,2227.4
f2a4ce0e-17c2-410d-9836-885fcd017239,2023-03-20,East,Product A,Robert Ramirez,25,201.9,5047.5
af39ded9-9b00-4b9c-a3ff-5dd044a0c840,2024-04-16,North,Product B,Diana Padilla,24,70.97,1703.28
148f5228-4768-4dd1-a6b4-b25b9a670ee7,2023-09-10,South,Product B,Richard Alvarado,13,478.64,6222.32
86660da6-63fe-464c-9177-b1060c125949,2023-05-20,East,Product C,Robert Ramirez,7,401.01,2807.07
a304bcea-7330-4cc3-8787-9a1abadb68ac,2023-05-06,South,Product D,Jamie Miller,36,136.9,4928.4
b972540a-4e7c-4e69-bbf9-6710316b7b70,2023-05-13,South,Product A,Sarah Santana,45,298.39,13427.55
d55e5dd7-025c-46a4-add8-ba78d536fdee,2024-06-09,South,Product C,Jessica Mckee,20,491.34,9826.8
ebe2beb9-a772-4961-a5e1-5ed47d4390d3,2024-09-19,North,Product B,Roger Henderson,1,443.26,443.26
6402a250-c8dd-4712-8fae-b08696637862,2024-10-04,North,Product D,Thomas Larsen,8,304.39,2435.12
52bc9529-9bcf-44e2-8f03-06820e17ea01,2023-07-30,South,Product B,Mike Johnson,46,452.82,20829.72
7fc4fccb-0460-47f1-bc11-34b94c3018c9,2024-08-31,West,Product A,David Tanner,16,494.7,7915.2
cfe6d7ab-bbb8-4e94-a443-956a4862381c,2023-02-09,North,Product C,Robert Ramirez,14,374.24,5239.36
b23db3b8-05c3-42f0-8c32-9163bb57a638,2023-12-29,West,Product A,Austin Smith,12,41.84,502.08
7e070ec1-43e1-4152-9ec9-3f11ee3babf0,2024-12-07,West,Product A,Eric Castillo,23,206.77,4755.71
fd38332e-e347-44a2-98e0-f9227c166a68,2024-04-26,South,Product D,Richard Alvarado,15,420.53,6307.95
44d7f90e-7af9-46ef-9ff5-3cc9f1a8a7ad,2024-02-18,West,Product D,Mary Romero,28,122.98,3443.44
39af7234-1896-4e7c-9d40-60bcab4bd18c,2023-12-15,West,Product A,Kevin Williams,34,417.01,14178.34
0d39df87-6df5-41b8-ab6c-831b89fec738,2024-05-09,West,Product D,Mike Johnson,2,68.97,137.94
404ab595-9ba5-4bc1-aad0-542dd23a45c3,2024-08-13,South,Product C,Robert Reeves,32,33.0,1056.0
e8d243d8-6a90-4062-bba8-7ac3fbc62f6b,2024-09-04,South,Product C,Tyler Scott,23,198.2,4558.6
43de44f3-2b5e-4c3c-8023-77399d3f72fb,2023-12-17,North,Product A,Alex Smith,22,28.0,616.0
201e72b5-4941-4735-a08c-da98af0fef26,2024-05-03,North,Product C,Diana Padilla,25,479.06,11976.5
7a7cef4d-5d98-4271-b2f8-9e9869e0b3db,2024-06-25,West,Product A,Sara Rice,22,414.84,9126.48
d6a96090-6468-4e11-b62a-e073d73f1f66,2024-04-05,South,Product C,Jeffrey Mata,22,402.38,8852.36
fa672829-3b12-444c-bf8c-422335e7ccaf,2023-06-28,South,Product B,Scott Johnson,49,318.59,15610.91
7fd48051-3ba1-48ff-a3a1-50c858dbcc39,2024-11-06,West,Product A,Larry Collins,42,116.0,4872.0
6ba15098-c619-4269-8c67-126a7942bb4f,2024-03-29,North,Product C,Victor Garcia,6,263.95,1583.7
db3a5311-10a7-41bb-8f45-1c90bd46eae8,2023-09-08,South,Product B,Curtis Smith,15,302.66,4539.9
5de47fc4-3426-408b-bc39-4d092dec9ea8,2023-06-19,North,Product A,Garrett Scott,43,267.27,11492.61
cda51bac-5ecc-4bce-b62a-838553853216,2024-03-27,West,Product C,Christopher Warner,37,137.51,5087.87
9814545b-3dde-47d5-8f39-a482da913871,2024-01-07,South,Product C,Lindsey Ruiz,33,262.47,8661.51
4d6fcc93-a4a0-4b2c-8cb7-1c4b926f8a58,2024-01-21,West,Product B,Jamie Miller,8,250.68,2005.44
d680d133-6d6c-475c-a883-3a485f0666c2,2023-05-21,East,Product D,Jessica Mckee,44,498.2,21920.8
c735a8db-6f36-4e87-844a-734fb2ca9a64,2024-03-24,West,Product D,Curtis Anderson,44,449.74,19788.56
4fb003ce-ff18-4b34-bd7b-baa7b8629e22,2023-05-13,West,Product B,Juan Krause,5,237.06,1185.3
7d87831c-43ec-4e3c-ba60-b994547ed71d,2023-04-30,West,Product B,Sara Rice,39,315.24,12294.36
edf9b7fc-7c8f-4a2e-a6da-07b21818e806,2023-02-13,South,Product A,Thomas Larsen,4,376.46,1505.84
0d4b23ac-03f4-42a6-9054-7f6553518dba,2024-10-30,West,Product D,Christopher Mills,6,27.08,162.48
40584ff4-c251-4794-b39f-fedff623a958,2024-02-10,West,Product A,Roger Henderson,45,448.51,20182.95
21f43d8c-4a8a-463f-bcb0-487cf44ea167,2024-01-14,East,Product C,Ashley Espinoza,32,431.46,13806.72
ff1802b4-a0d2-42d6-a9ca-2d901cbc173f,2024-09-16,South,Product B,David Tanner,30,234.14,7024.2
323dc2c5-8d08-49b1-8feb-9940a55842f0,2023-02-21,East,Product A,Molly Hamilton,47,201.67,9478.49
d189f63a-84cb-40ed-a6da-8bc63a0056c1,2023-01-02,West,Product B,Sarah Hanna,35,143.75,5031.25
e134b4bf-ac44-4a48-8b07-51eb48a0ad85,2023-05-14,South,Product A,Jared Thornton,40,243.57,9742.8
201ddb1c-5acd-44e5-9f17-244f02adbd4e,2023-03-18,East,Product C,Garrett Scott,16,31.74,507.84
f9f5f95f-6432-4d12-9b09-dc8a7d70f40a,2024-03-03,West,Product C,Shelley Miller,13,427.57,5558.41
ff2c7f4c-f16f-4d7f-aea6-ad90646f766f,2024-03-04,North,Product D,Austin Smith,42,27.36,1149.12
b2442f0d-6208-4feb-8ae7-651e5cff4462,2024-11-24,East,Product D,Curtis Anderson,30,171.24,5137.2
f70cc564-7073-4a55-b3cd-cec216c5c154,2024-04-06,South,Product C,Lindsey Ruiz,19,466.48,8863.12
4b2547b8-37c0-4820-8014-2909d71d02dc,2023-01-16,East,Product A,Kyle Chavez,17,370.25,6294.25
a0fd61be-972e-46fc-9ae7-3e3067e100eb,2023-03-26,East,Product B,Jaime Aguirre,19,147.88,2809.72
8be7d260-2b78-4eee-a22e-d29b84f34fdf,2023-09-05,East,Product C,Tyler Scott,28,133.8,3746.4
1a261881-5ceb-4e7f-976b-b6c164ac7f4e,2024-09-30,North,Product C,Richard Alvarado,26,12.49,324.74
7d0066ed-b641-45a1-a7ca-01fa8dbb0aca,2023-10-05,South,Product A,Alex Smith,37,350.9,12983.3
2e15bea4-74c0-4c86-9aad-456f5e6ef5bd,2023-02-09,South,Product C,Cindy Oconnor,26,33.9,881.4
9153c3be-67d5-4245-98f2-248588aafa20,2023-05-18,South,Product C,Jessica Mckee,23,270.98,6232.54
a1e2e72d-5dd9-4e04-b376-400410b13272,2023-10-02,West,Product A,Juan Krause,9,481.44,4332.96
507d705f-2b97-44b4-a6f2-dce189bade0d,2023-12-02,South,Product C,Alex Smith,12,63.64,763.68
b9bdf238-9ae9-45cb-8fb1-0be5ccb955bf,2024-06-22,South,Product D,Jonathan Watkins,1,448.3,448.3
7249d6cb-f09a-408b-98a1-0eb85bca5917,2023-07-20,North,Product D,Mary Romero,1,495.82,495.82
cc3b83ce-499a-459e-8a23-434368ee8eca,2024-05-27,West,Product D,Jessica Mckee,47,40.14,1886.58
b6de6c21-1d5d-4ff5-ac02-96338f296b60,2023-01-15,West,Product D,Alex Smith,34,442.62,15049.08
1389036a-3118-4ada-8fd3-d88d7a195f32,2024-12-13,East,Product C,Kyle Chavez,32,262.88,8412.16
134d52b0-781f-4ed6-ad98-17f2f50594e3,2023-10-20,West,Product B,Roger Henderson,48,454.19,21801.12
502354b4-3fcc-465b-9d1d-ae7222c3bf60,2024-11-29,West,Product D,Danny Casey,25,289.95,7248.75
500bb616-f01e-4917-94a3-62035f38354c,2024-06-12,North,Product D,Michael Garcia,40,334.43,13377.2
bb5fc230-68dc-417b-aa3c-259cc3dd8f9f,2024-11-19,South,Product C,Jeffrey Mata,45,276.45,12440.25
fc1fd679-8ebf-4bc0-88fb-b718eb47d6c0,2024-03-11,West,Product C,David Tanner,1,433.6,433.6
44fd88a1-53ec-4417-b293-15ae694d54be,2024-04-01,West,Product A,Sarah Hanna,16,369.62,5913.92
c834c882-e8a8-461a-a13d-e64e70f8cf4f,2024-07-12,North,Product D,Sarah Hanna,39,265.42,10351.38
70cc9d52-2702-4574-9dfa-26168f8aa72f,2024-01-28,West,Product A,Terry Burke,5,435.4,2177.0
e3e8f295-d926-4ac0-b738-540111a8f746,2023-08-09,West,Product D,Cody Davis,22,130.19,2864.18
0b58d6f8-822b-488f-ae15-10cc73292309,2023-01-31,North,Product B,Anita Garcia,29,87.1,2525.9
81b156b6-246d-414b-a8fe-d0bce80bef0d,2024-10-22,East,Product C,Robert Mcdonald,3,88.6,265.8
638873c9-e3fa-4b31-97f1-c145ff09ddfa,2023-06-02,East,Product C,Jonathan Watkins,12,173.66,2083.92
cc0a861e-195c-468a-99fa-bc83463032dd,2023-08-16,West,Product A,Mike Johnson,26,126.96,3300.96
17be3729-5eab-4571-9a52-735b92faa503,2023-03-16,West,Product A,Anita Garcia,16,465.74,7451.84
05684e43-bc0a-4101-bf28-73d4d6745324,2024-01-12,South,Product C,Sara Rice,37,61.86,2288.82
47d5a9eb-910c-42e7-8719-b281d6c4b37d,2023-11-08,West,Product C,Anita Garcia,22,352.51,7755.22
0070b8d2-993e-4af0-b4a1-2f149d527cf5,2024-11-26,South,Product C,Richard Alvarado,29,102.72,2978.88
72c8bbd6-98d3-4760-9620-eb5702618396,2023-11-01,East,Product D,Ian Miller,14,442.0,6188.0
c27e11be-1344-44ec-b58d-3e88bb6b05d2,2024-08-24,West,Product D,Elizabeth Huang,28,481.04,13469.12
f44dd093-f93f-4f12-9cd8-48c8b94140f4,2023-04-13,West,Product B,Shelley Miller,5,238.08,1190.4
0b96e4af-2042-48af-894d-51e715c6393c,2024-09-30,North,Product D,Michael Garcia,47,440.75,20715.25
ac7c5b91-b055-4dfb-ac78-b2012e1df0d5,2024-02-18,West,Product C,Richard Casey,49,12.52,613.48
58a5b226-d6cd-40dd-8e94-8ddd18bb7072,2023-10-13,East,Product D,Michael Garcia,30,411.77,12353.1
763739ce-8cc5-4149-b270-fb96018327fe,2024-02-16,West,Product A,Molly Hamilton,46,122.03,5613.38
b954dde5-9568-49f1-86a8-f33e038f1bef,2022-12-19,South,Product C,Jacqueline Wiley,5,455.26,2276.3
208ad648-600f-4325-b4ea-3653ac427e34,2024-12-09,West,Product D,Cindy Oconnor,12,10.55,126.6
805d7fbc-e7c8-4f42-bf14-c2e8e02b042b,2024-12-16,South,Product C,Sarah Santana,16,282.53,4520.48
70c33d8e-4efb-4096-b333-c72cc438d761,2023-07-08,North,Product A,Steven Roberts,26,380.75,9899.5
15a1ba01-f729-4e8b-97ca-ecf374863561,2024-10-15,West,Product A,Scott Johnson,26,136.76,3555.76
a2d0db66-522b-4949-bfbc-13a39574009f,2023-08-17,North,Product D,Tyler Scott,48,104.64,5022.72
12a62ad1-60b4-4102-b6d2-d8f6f3eb5cff,2024-05-20,North,Product C,Jessica Mckee,21,51.21,1075.41
1c61174e-66c1-46f3-b19b-4924b9516a82,2024-04-30,West,Product B,Mike Johnson,39,169.95,6628.05
d0684e54-15a4-4f53-88bc-202d073ddb0f,2024-10-20,South,Product A,Jacqueline Wiley,36,284.32,10235.52
b59c74b4-f8f9-4cdf-aab3-3dacdac08593,2024-03-29,West,Product B,Lindsey Ruiz,33,66.76,2203.08
762675c6-d2f3-42c5-bf6c-d643aa047823,2024-10-27,South,Product D,Mary Romero,30,194.58,5837.4
7713f1a5-a666-42aa-b8cb-677374dfaf86,2024-06-15,North,Product A,Richard Alvarado,37,14.45,534.65
d1f169bd-425b-495d-9c30-e715b836ecd4,2023-04-15,East,Product B,Curtis Smith,23,411.15,9456.45
b869cc30-15cc-45c9-8f4a-d89fb1c2dbb1,2024-01-04,West,Product A,Jeffrey Mata,10,72.94,729.4
449c0931-c318-4c33-b764-6513534c72cf,2024-04-15,East,Product B,Sara Rice,5,148.84,744.2
c1c40ba8-1f98-42fb-8609-835e8e073cd9,2024-06-24,South,Product C,Tyler Scott,36,19.03,685.08
452c49bb-844e-4ef1-a1f2-7295088aa29a,2023-09-30,West,Product C,Jessica Mckee,34,221.8,7541.2
1cf2d492-20af-482c-b2bc-d4c087bd9034,2023-07-11,East,Product D,Cindy Oconnor,31,421.66,13071.46
e6d28c02-e8c5-4782-930a-137e109f5af9,2023-04-15,East,Product A,Jared Thornton,10,202.15,2021.5
4d46c3c5-34ad-480d-870d-bae923ea938c,2023-07-22,West,Product B,Terry Burke,19,97.95,1861.05
eb2cc221-6353-400e-9492-63316494cbe9,2024-11-05,East,Product D,Larry Collins,32,379.31,12137.92
2e3c3237-e7e8-4e79-ae31-43ca023455ae,2023-03-14,West,Product C,Jaime Aguirre,1,396.52,396.52
42a5a049-ada8-4222-b477-cc9f23ec1753,2023-12-13,East,Product C,Michael Garcia,5,95.14,475.7
e829e381-3581-418f-bbf4-7f3145c00dc4,2024-09-06,North,Product D,Jamie Miller,45,387.72,17447.4
9c92ba32-495f-4ecf-af20-827f9ed4c612,2024-01-07,West,Product A,Juan Krause,4,474.18,1896.72
35158ba5-364d-498d-81cc-209d71f8535b,2023-01-15,North,Product B,Danny Casey,16,91.53,1464.48
a2335b05-c27f-4927-b41d-a0d57a236ee4,2024-05-01,North,Product C,Kevin Williams,24,387.78,9306.72
f8144375-fb77-4c66-ac96-9ca9e1130b0f,2023-04-23,East,Product D,Victor Garcia,16,357.2,5715.2
bd8fd5fb-e6eb-4122-8bce-92b4baa57bdb,2024-04-10,South,Product C,Jared Thornton,2,242.05,484.1
3b6cc29c-2448-4754-bb9c-1d8bb8054ea5,2022-12-22,North,Product C,Terry Burke,49,38.38,1880.62
d37b6920-6b65-476a-b3e5-ea996f4913de,2023-10-12,North,Product B,Ashley Espinoza,28,46.6,1304.8
771bd3e7-ee34-46b2-a3eb-70d7cbd7ead0,2023-11-16,North,Product A,Elizabeth Huang,32,427.68,13685.76
d62a83ce-1ded-4d1c-b17a-a773bc48231e,2023-01-25,South,Product A,Curtis Smith,27,495.17,13369.59
8f3392d2-43e7-43d6-b253-9903b88b3bc9,2024-10-01,South,Product B,Christopher Warner,20,341.27,6825.4
6ced7181-cd7d-4d08-a6a6-39f3c52ec83a,2024-04-29,North,Product D,Steven Roberts,24,228.52,5484.48
4b43a862-1d09-4f18-ad3b-80b34e7cfc25,2024-04-25,South,Product D,Jaime Aguirre,12,327.31,3927.72
0ebbe2a5-b4cf-4b24-b71d-81de9fcdfd2d,2024-09-06,South,Product A,Terry Burke,35,301.25,10543.75
52059f5e-9299-4145-894e-48c74ddab3c2,2024-09-19,South,Product C,Jaime Aguirre,33,197.97,6533.01
696ac85d-dc09-4c4f-af78-640446aab07b,2023-12-25,West,Product C,Michael Garcia,33,42.16,1391.28
4e2c314c-ca6a-4faf-9eaa-c191c759fb5b,2023-03-07,North,Product D,Lindsey Ruiz,43,412.54,17739.22
ca7d90c7-0bb2-4c59-9264-141855c4df97,2023-01-27,South,Product B,Victor Garcia,37,192.2,7111.4
90d1601f-f0d4-4c54-86b2-f1bc34dedf25,2024-04-15,West,Product C,Jessica Mckee,12,411.2,4934.4
1fc93c90-b2ba-4610-96c8-95018edc0d6b,2023-01-10,East,Product D,Lindsey Ruiz,3,133.73,401.19
4e20f67a-b928-446e-8d14-577aad1936a0,2023-05-10,East,Product B,Robert Ramirez,1,10.5,10.5
891a4d51-f047-4a74-b699-6326eb083fe0,2023-11-19,South,Product A,Curtis Anderson,33,87.88,2900.04
d6d53955-ce01-4eb0-bb09-862a20ecfd1c,2023-07-05,North,Product B,Ashley Espinoza,40,239.58,9583.2
56eddddf-7cd9-466f-9170-ca5f646c40ba,2023-03-27,South,Product A,Jonathan Watkins,10,472.71,4727.1
ade5eb55-81b2-4707-91f4-30268250cd5b,2024-01-21,East,Product D,Garrett Scott,43,60.07,2583.01
4b073f93-124b-4340-9691-d3f7bf1e4027,2024-02-06,North,Product B,Kevin Williams,44,428.56,18856.64
54e635b6-c903-4b29-93a0-98adcfea4e6c,2024-02-11,North,Product D,Larry Collins,29,268.24,7778.96
4602b2ce-7d66-41dd-b5a3-36c62f3cf443,2023-07-25,East,Product A,Elizabeth Huang,13,414.7,5391.1
a5168e45-8e73-44f5-ac84-008371c37235,2024-01-20,West,Product C,Anita Garcia,12,156.2,1874.4
136e696f-c3ff-45b5-9678-cf03ac20da43,2024-12-07,West,Product C,Michael Garcia,31,421.57,13068.67
996eb88b-813c-4273-8126-4f4f0bf12ac4,2024-04-12,South,Product A,Sara Rice,46,388.68,17879.28
bc7c5295-0c7a-420e-a706-29f5867835d8,2022-12-23,North,Product C,Cody Davis,2,122.73,245.46
7fc36489-4dd8-4db3-92e5-1f3c025c2b3e,2023-09-03,South,Product C,Sarah Santana,35,74.35,2602.25
1d96fc7e-b13b-4cc0-b617-ae57cf298a67,2023-09-01,North,Product B,David Tanner,23,435.35,10013.05
39ccf437-d816-4985-81f3-ae3db2397ad8,2023-05-09,East,Product B,Steven Roberts,17,481.99,8193.83
dbc5b894-5eae-407b-83b1-ec2f8b52c84f,2023-09-22,North,Product C,Diana Padilla,26,25.34,658.84
24eba54b-f4f9-4ef1-b51a-6441fd3f22de,2024-09-28,North,Product B,Scott Johnson,8,368.32,2946.56
f069f136-8142-49b8-ab7f-b7384c288079,2024-01-20,East,Product A,Cody Davis,29,455.67,13214.43
07595e82-cbd5-45a7-8852-30fb6d2aebdb,2023-10-29,West,Product B,Elizabeth Huang,26,430.11,11182.86
5dfb19c9-a1e2-4bb1-b6d5-af8318869c3d,2024-05-22,East,Product B,Scott Johnson,10,482.62,4826.2
1cd5ffae-a3ea-4443-9ad0-270c618d14b3,2024-06-30,North,Product B,Shelley Miller,26,382.45,9943.7
4c2fce52-c914-48b0-9b14-dfe15c5eb2c1,2024-08-25,East,Product D,Curtis Smith,34,226.73,7708.82
4cf28004-cb99-45de-a11e-1b79a2a2a17f,2023-04-01,North,Product A,Jacqueline Wiley,41,162.86,6677.26
50b11a3e-40da-490f-893e-f51a89b82113,2023-06-03,West,Product C,Richard Alvarado,7,167.16,1170.12
d982cfef-d4eb-4c3f-98a5-6d395304ed3f,2024-11-16,West,Product C,Roger Henderson,4,364.97,1459.88
5d25dc25-9be9-4c2d-9b71-b26a12234081,2024-11-22,North,Product D,Diana Padilla,45,375.46,16895.7
153f1373-a5fa-442c-acb0-709042524e6d,2023-02-05,West,Product B,Diana Padilla,11,108.18,1189.98
8bb0cd4f-ef07-43e9-92ec-bae6f8740607,2024-04-15,East,Product A,Roger Henderson,29,435.38,12626.02
d28d379d-808c-4639-9a71-51e530614ca9,2023-09-13,West,Product A,Sarah Hanna,36,360.31,12971.16
6eacc9d7-61bf-4d20-a881-34a4be4e2322,2024-07-17,South,Product C,Shelley Miller,25,285.75,7143.75
0e479416-ae49-44fe-8230-abe0a3601645,2024-09-25,West,Product D,Richard Alvarado,21,241.05,5062.05
0241e796-4194-4b60-9771-dbe943b4e8bc,2023-02-08,South,Product D,Larry Collins,36,276.18,9942.48
38811257-e840-4eaf-b0bf-5645e410daf6,2024-03-01,East,Product D,Sarah Santana,10,88.03,880.3
2fd4de0d-e40f-4bf7-980e-2b726cdc72cb,2023-03-13,West,Product D,Robert Mcdonald,37,109.81,4062.97
e9bcfa8e-c21c-448c-ac3c-0007ed6390f2,2023-02-04,West,Product A,Robert Reeves,9,54.67,492.03
06489fd1-8aa4-4f1b-abab-f821a370babb,2024-04-26,West,Product B,Lindsey Ruiz,24,85.29,2046.96
7c7217aa-6ba4-425d-8437-2e384ccfcf66,2024-06-18,East,Product C,Tyler Scott,35,232.31,8130.85
0cfc3fae-b6b9-47c5-a939-c21cff3bbcbf,2024-04-10,East,Product A,Shelley Miller,49,269.87,13223.63
8b00b85a-61fb-4733-bb3e-6397745f191e,2022-12-23,South,Product D,Austin Smith,35,18.75,656.25
0e36e55e-6196-4625-a4f5-357645ca850d,2023-04-02,North,Product D,Richard Casey,48,400.43,19220.64
9e13dda5-ef3a-433e-83ad-6ee3fa1ba059,2024-06-02,East,Product C,Garrett Scott,36,154.14,5549.04
4dffee22-ad0e-4ba7-b992-f9feb36343ce,2023-05-14,West,Product B,Christopher Warner,18,456.8,8222.4
1f136403-369f-4cd0-a91e-b2b3364fd722,2022-12-23,South,Product B,Christopher Warner,49,484.08,23719.92
0d4297f3-0b75-45f7-8e89-c9c65ca7edec,2023-09-12,West,Product B,Eric Castillo,39,100.87,3933.93
d2c880da-e308-4376-b90a-402c98bbc342,2024-11-04,West,Product D,Ian Miller,32,236.43,7565.76
e9e524e6-8d46-4dcf-8827-93d593a08bd8,2024-02-21,East,Product A,Garrett Scott,24,10.6,254.4
a29dc67e-48c3-4a3f-ac0d-67987d7086e0,2024-02-26,North,Product A,Curtis Anderson,23,303.18,6973.14
da9cd3c7-57da-4531-937e-84020441e91a,2024-06-04,West,Product B,Mike Johnson,32,307.58,9842.56
c2d69752-e29f-4e74-bb5b-1a83df249249,2024-05-25,East,Product C,Michael Garcia,37,131.29,4857.73
fefb700b-514b-48fd-8475-3a02ae277f81,2023-04-26,South,Product B,Alex Smith,12,283.62,3403.44
dfc38eca-b034-4a5e-b1fc-0f2ca4f1dbc5,2024-09-29,West,Product B,Diana Padilla,49,120.51,5904.99
81f6b6e3-3363-449c-a5b3-870d7f1b240b,2023-10-30,South,Product C,Mary Romero,13,88.8,1154.4
53f925a6-7b33-40ba-866c-c2e11e97ac06,2023-10-20,East,Product B,Robert Ramirez,23,329.24,7572.52
12e9053c-424c-457b-8752-efe1118dc8f1,2023-03-25,East,Product C,Robert Reeves,25,169.7,4242.5
c8716eb5-3db8-4428-b74b-1d26acae4e20,2024-11-21,East,Product C,Curtis Smith,35,299.23,10473.05
86244836-dcb7-436d-b212-22d2355c8380,2023-10-25,East,Product A,Kevin Williams,41,222.29,9113.89
22ecd2fc-8796-4628-9238-17a83e7d3d8a,2023-12-16,East,Product C,Molly Hamilton,30,492.33,14769.9
01d4885f-ab8a-45bd-ad71-c97a191b5103,2023-01-01,North,Product B,Sarah Hanna,17,83.29,1415.93
7f5c841b-ac0e-429d-bc0d-c3eceb50c460,2024-05-01,South,Product C,Thomas Larsen,49,237.65,11644.85
1926de3c-6bbf-4a4d-9b72-21c9b2a9982c,2024-04-26,North,Product B,Steven Roberts,20,343.42,6868.4
91007d47-f17d-44aa-bb8e-fc0a9cdeaac1,2024-01-06,South,Product C,Roger Henderson,48,203.82,9783.36
d2b7f904-1899-4574-be3f-7e47eb7ae94a,2023-11-27,West,Product A,Robert Ramirez,25,487.6,12190.0
da21de29-003e-4ed5-b00a-cd5fd67fc5ce,2023-10-18,West,Product B,Kyle Chavez,22,363.72,8001.84
3626d924-15be-481f-9c8d-53a77d94e298,2023-08-11,South,Product B,Austin Smith,13,331.92,4314.96
974318af-67db-4880-84e1-d17596d8c304,2024-03-08,West,Product B,Robert Mcdonald,19,380.96,7238.24
e572c41f-e85f-4ee6-aeab-5bcd48c84e38,2023-01-27,West,Product C,Richard Alvarado,49,476.8,23363.2
5aa1b78a-b333-4608-bee3-524aee6dba77,2023-03-26,West,Product A,Tyler Scott,36,454.83,16373.88
007a0838-619d-445b-b679-b35212924736,2024-03-11,North,Product A,Kevin Williams,12,364.9,4378.8
e490d152-cd8c-4bc5-9b4d-efa536589dd3,2024-10-18,North,Product A,Terry Burke,41,377.09,15460.69
c6e3daee-9707-4441-bbd6-9cdcefb6f17d,2024-04-30,East,Product A,Terry Burke,19,81.5,1548.5
2bf67c80-c563-4247-a9bf-830391f3bba2,2024-07-18,South,Product C,Curtis Smith,12,60.37,724.44
5ffa17df-1cd1-4328-b5fa-6571aad29c98,2023-09-06,West,Product B,Robert Mcdonald,9,289.74,2607.66
fdcdfe0c-a722-462e-bd1f-044caac94c64,2023-06-17,South,Product D,Diana Padilla,7,19.0,133.0
22c4b5b9-5ffc-4f40-9252-09e613076a9c,2024-08-10,East,Product A,Sara Rice,28,246.35,6897.8
9667ff0c-7b23-433e-a6c3-bb3c3db55fd2,2023-03-17,East,Product D,Garrett Scott,14,113.07,1582.98
24b7ae31-e750-4531-ae19-2a3c17ccb7d3,2023-07-23,West,Product C,Ashley Espinoza,31,179.55,5566.05
340eae62-7bbf-44d8-ad27-3992300c2231,2023-09-03,East,Product C,Robert Mcdonald,19,390.14,7412.66
85965b88-fb25-4f17-8ed5-345d89e6b780,2024-03-21,West,Product D,Tyler Scott,47,471.21,22146.87
ddcc4376-7821-491c-a265-02c7455d6d3e,2023-06-10,East,Product B,Danny Casey,16,45.48,727.68
d1e99add-20de-4bd0-ab28-90e306710ea6,2023-01-13,East,Product D,Sara Rice,5,271.78,1358.9
7d3c5f7d-9414-4c8e-9eef-83d973dec609,2024-12-15,West,Product C,Christopher Mills,35,442.44,15485.4
1b36cc6b-e6e3-4b42-bba8-c37e85e7ba3c,2023-12-28,East,Product D,Robert Ramirez,12,50.43,605.16
11651c51-1cec-4bf4-826b-5274ff74b147,2024-08-02,East,Product A,Kevin Williams,25,414.01,10350.25
56149a97-0486-4074-a0bf-be15d26470cb,2023-01-30,East,Product A,David Tanner,21,185.32,3891.72
2037360e-8901-4608-8e57-2e45ff2e2dd2,2024-11-05,South,Product B,Ashley Espinoza,36,167.83,6041.88
7d229088-9910-415f-84cd-85766f1ff4f6,2023-06-15,North,Product D,Kevin Williams,23,488.96,11246.08
2096ba6d-26be-46fa-8259-576cc068cebb,2024-11-18,South,Product D,Diana Padilla,16,108.42,1734.72
a202c842-a0c5-4afd-8432-fff833c795c4,2024-01-30,East,Product D,Mary Romero,39,349.67,13637.13
e0c86791-c622-4003-b092-6c2680a9baaa,2024-03-09,North,Product D,Jessica Mckee,45,412.51,18562.95
dd21f15c-7a6f-411d-8fcb-ab65b14c6d73,2024-02-13,South,Product B,Jared Thornton,42,30.18,1267.56
e21877a4-fcf7-42d2-b07c-47769abfba04,2023-01-10,South,Product C,Cindy Oconnor,39,338.49,13201.11
f5b428be-8914-46ae-9fbf-056ca33a2dda,2024-02-07,South,Product B,Austin Smith,14,476.26,6667.64
095dd903-4b34-433d-97f9-f4eafce396ba,2023-01-14,West,Product C,Juan Krause,31,70.87,2196.97
96ae18ec-cb15-4605-b118-a905aa3c7be0,2024-07-13,East,Product C,Kyle Chavez,5,449.15,2245.75
640f08f2-3342-4c47-8946-094c4e25fa97,2024-07-27,East,Product C,Christopher Mills,35,301.44,10550.4
1d86c038-9ad6-45e1-b826-ce153d8a857a,2023-12-23,North,Product D,Mike Johnson,23,312.14,7179.22
49febc36-4f68-4df9-af88-2ef8ed17aaf3,2023-04-21,South,Product B,Austin Smith,29,310.34,8999.86
0102753e-191b-45d9-a694-6a1846ddf7d1,2023-01-06,East,Product C,Shelley Miller,43,156.43,6726.49
0d3c87f0-31b5-47ee-b590-f0c223822a9e,2023-12-12,South,Product A,Diana Padilla,11,468.25,5150.75
bc1f28de-6438-406d-b687-b4fea1b3ed19,2023-09-26,East,Product C,Thomas Larsen,18,474.2,8535.6
e3206d05-c4c4-48c7-affe-69bb00f2c90d,2024-09-09,South,Product B,Roger Henderson,47,316.4,14870.8
83cf5714-5b68-4d3c-9714-76169b70008c,2024-10-20,East,Product D,Alex Smith,12,393.88,4726.56
b4e15ed1-c95c-4162-bdff-fc4c4c680ca8,2023-05-31,North,Product A,Jessica Mckee,9,310.01,2790.09
a33ab2a2-bab0-46f0-8504-4e8f39518409,2024-06-13,South,Product C,Anita Garcia,10,247.36,2473.6
2037c81d-a411-45eb-acc2-04ec8a14cf72,2023-08-07,East,Product D,Diana Padilla,44,333.8,14687.2
60e1197e-ba2a-41c3-8b70-9ad9a80eb248,2023-11-23,North,Product B,Scott Johnson,17,280.97,4776.49
c7c6168c-8d21-4306-9710-2188fba59210,2024-02-21,North,Product B,Cody Davis,38,302.76,11504.88
c60f4155-c364-4133-b193-6769ff52c5b2,2023-03-23,East,Product A,Thomas Larsen,7,394.08,2758.56
7d704ed0-fb45-4bc6-99de-2e946327399e,2023-06-07,South,Product A,Jamie Miller,46,245.64,11299.44
4e62a36a-c2c2-424d-8a78-7c3e73e72b59,2023-03-20,West,Product C,Christopher Mills,13,29.97,389.61
736ed7fe-d8b6-4e6c-a00f-b49c3f8e05d0,2024-07-26,North,Product D,Diana Padilla,40,90.36,3614.4
34ffa0ee-16c5-4f96-9628-c8b2e5b8afef,2024-08-10,North,Product D,Robert Ramirez,42,224.92,9446.64
24a622f3-c678-4f89-a07e-242a3ec5efab,2023-02-03,East,Product B,Lindsey Ruiz,9,365.17,3286.53
153ce4d1-0542-4ecf-9f78-66860ffea1da,2023-12-19,West,Product B,Robert Mcdonald,27,300.71,8119.17
90d76cd1-f1f4-46ab-89f1-e47919017cdb,2024-06-27,West,Product C,Michael Hughes,2,328.64,657.28
3b4b25ea-c800-4ed9-95fe-43b990acf712,2023-11-24,West,Product C,Terry Burke,5,244.85,1224.25
98807abf-0cba-4604-8fdd-7f886561a3bd,2023-05-30,East,Product B,Richard Casey,29,311.71,9039.59
04b0b0d9-7be2-400b-9e4e-9bcf035e1bb7,2024-10-12,South,Product B,Thomas Larsen,37,171.22,6335.14
210b6951-7393-4c24-bad9-768c7875bdba,2024-07-31,North,Product D,Christopher Mills,38,240.39,9134.82
3b5964c0-ec63-4dcc-9f3f-54425d042174,2024-01-01,East,Product D,Robert Reeves,19,374.7,7119.3
594c2d81-1ec4-4bfe-a913-951c5498ab83,2024-09-09,West,Product D,Austin Smith,8,437.2,3497.6
9dd84a2d-3b24-4f11-8cc0-e69287f7c031,2024-01-29,North,Product C,Scott Johnson,48,222.49,10679.52
80987552-6f55-4bf6-acbc-2ba71572bebb,2023-06-29,North,Product D,Cindy Oconnor,45,31.39,1412.55
1fee4438-f079-48db-9dc6-6ac9c6cc89c4,2024-01-06,West,Product A,Anita Garcia,1,89.22,89.22
e0d7dd5c-ac59-4d40-aadf-529b7f09a0a7,2023-04-19,West,Product A,Thomas Larsen,22,20.22,444.84
7f502bad-3352-4a02-9873-129f1ae656ca,2023-09-20,North,Product D,Juan Krause,17,330.1,5611.7
8edf5f2e-2938-4dc4-8985-373c66475217,2023-04-23,North,Product D,Sara Rice,7,172.83,1209.81
fec8877b-3568-47e5-857f-1c335df05fbc,2024-07-30,South,Product B,Thomas Larsen,25,275.81,6895.25
8f87ec22-5a3e-4f02-8c9f-25bc99747f75,2024-04-16,South,Product B,Juan Krause,45,251.71,11326.95
a295cad5-937d-45d8-b760-0806795c1068,2023-07-14,East,Product C,Garrett Scott,4,49.95,199.8
ba15e4d5-597c-4b00-acfd-bf0a7a6f5e1e,2024-12-10,North,Product A,Lindsey Ruiz,36,207.6,7473.6
ffd69dee-8fdb-4e38-bd3f-b0a00a642b82,2023-04-07,South,Product A,Thomas Larsen,6,118.07,708.42
32d8afab-1799-4fb0-9667-fa6ff86a6ffc,2023-07-10,North,Product C,Cody Davis,31,215.02,6665.62
432b122b-c2da-4722-a84f-dd80a97cf387,2023-07-14,West,Product D,Danny Casey,19,109.75,2085.25
8d0eedb7-6bbe-40de-902e-439dbe097880,2024-04-16,South,Product D,Mike Johnson,44,421.82,18560.08
9939df67-d319-45fa-a058-d6efeb9eb8f8,2023-02-01,West,Product C,Larry Collins,39,95.35,3718.65
bd7a19fa-3f30-4827-90c2-1529eafbc171,2023-01-14,West,Product A,Ian Miller,27,480.78,12981.06
268f097d-6c05-4571-9faa-69646caf7b1b,2024-05-20,West,Product A,Jacqueline Wiley,10,213.79,2137.9
57fc3a53-2433-4d93-953f-4d73373fc9ac,2023-05-31,East,Product D,Jamie Miller,26,424.66,11041.16
fbaa4694-2fcc-4a7f-b6e2-24e24a3bda09,2023-05-30,West,Product B,Jonathan Watkins,19,318.09,6043.71
d920d268-6297-4046-8766-585854f25489,2024-10-07,East,Product C,Eric Castillo,39,370.32,14442.48
02a3a382-b57e-4a10-9665-3cd4d64971a1,2023-01-13,North,Product C,Jacqueline Wiley,3,386.18,1158.54
a1c753d6-1460-4872-866f-0823b702c933,2023-07-21,North,Product D,Alex Smith,45,257.37,11581.65
6c189228-8f53-47aa-bf62-2a944c044282,2023-12-30,South,Product C,Jamie Miller,13,276.22,3590.86
8c8ebea5-4c2d-4c99-a2b8-d13d21d3a69f,2023-04-03,South,Product A,Cody Davis,28,261.86,7332.08
d6e1a6ad-cb74-475c-bc28-ff3b6603a01d,2024-12-06,East,Product D,Jeffrey Mata,20,298.15,5963.0
4c868f72-7355-47ce-a745-4600eab0c079,2024-07-17,North,Product A,Curtis Smith,28,24.4,683.2
41d5db75-319f-4fd1-a6b1-9be181e35fbc,2024-08-30,South,Product B,Mike Johnson,8,203.8,1630.4
52ddb093-615c-4914-a351-71db45326e38,2023-06-19,South,Product C,Sarah Santana,41,307.03,12588.23
86440da4-cf77-4d85-8086-e71a0549020a,2024-10-28,South,Product C,Jeffrey Mata,39,302.88,11812.32
1dfceac9-3e74-47bc-b611-d3753d875721,2024-09-25,North,Product A,Jeffrey Mata,1,398.55,398.55
483d7c11-505b-4d24-bb55-8aa4180bab3b,2023-05-30,South,Product D,Thomas Larsen,3,330.95,992.85
a32930c6-6df1-4c86-a4d3-ecf334084f8a,2023-04-13,North,Product D,Scott Johnson,13,496.15,6449.95
65d947d0-4673-4fb0-b799-14963105ec12,2023-07-12,West,Product C,Cindy Oconnor,28,149.09,4174.52
5f4cc28a-8a22-4d23-b449-0efd797911eb,2023-01-22,West,Product A,Kevin Williams,49,185.98,9113.02
8c441117-f19a-4de8-aa27-39d56e2f7ffd,2024-06-18,West,Product B,Mike Johnson,25,198.09,4952.25
1136876d-41d4-4c9c-9308-84fad8df5dfe,2024-10-27,East,Product A,Kevin Williams,33,238.25,7862.25
e46f0c18-1e62-401e-b76e-5e5f7f98eae2,2024-08-08,North,Product D,Eric Castillo,38,419.64,15946.32
486c6939-1800-4ade-a9f9-86495e8ab805,2024-08-19,South,Product C,Jeffrey Mata,6,125.54,753.24
88228f72-97ac-4b30-a5a9-fffa8ab27317,2023-07-04,East,Product C,Alex Smith,44,390.24,17170.56
3131ae4b-8d6e-4568-bb3e-e8af95aa5449,2023-08-22,East,Product C,Mary Romero,45,208.6,9387.0
0e8b15eb-59ed-410b-9df8-bcf80d793622,2023-05-08,West,Product B,Alex Smith,32,304.91,9757.12
4138a271-bcec-4ab3-ba31-e5314993c503,2024-08-08,North,Product B,Ian Miller,45,319.94,14397.3
b8af8766-4126-4713-8f96-18a0bd3acf55,2023-07-04,South,Product D,Jonathan Watkins,47,192.7,9056.9
bcc0d34b-fd2c-4c1d-bbcd-34ed9da30134,2023-05-05,East,Product A,Ian Miller,21,261.18,5484.78
ee19943a-b0f7-4322-92cd-a6c8a8fd4ad2,2024-07-28,South,Product A,Victor Garcia,16,212.39,3398.24
5a64d240-b6d4-4366-8251-5677c8afcfc1,2023-05-02,West,Product A,Lindsey Ruiz,21,43.88,921.48
09bcc97a-6aad-4a82-94b0-ecac14099c87,2024-06-24,North,Product B,Alex Smith,11,224.21,2466.31
99cd86b6-d70f-4ca7-bd22-2b4d71791de4,2023-03-25,South,Product C,Christopher Warner,37,57.72,2135.64
88bf3ea1-d383-4677-b9ab-3cf3b2367098,2024-04-08,South,Product D,Shelley Miller,36,208.46,7504.56
427e1b89-c9e1-4fc4-9bfb-b6a1deac6cda,2024-03-16,East,Product D,Michael Garcia,35,300.53,10518.55
660ad57a-9999-45b9-9f88-b79599e4eb94,2023-09-10,South,Product B,Sarah Santana,19,293.91,5584.29
959e7fb2-8017-440c-bfb2-365bbcb00ca9,2024-03-17,North,Product B,Anita Garcia,20,334.68,6693.6
fb5f59bf-8487-4228-8626-b51e96a1e6e4,2024-02-22,North,Product C,Ian Miller,18,56.68,1020.24
8f0e1d23-ec0b-405d-8fc3-ff6307117066,2023-06-10,South,Product C,David Tanner,47,329.54,15488.38
f1fcb822-cc19-488e-b07d-1832a04941fa,2024-08-14,East,Product B,Ashley Espinoza,41,162.95,6680.95
9f62be16-2c6d-4980-af08-470a5d6b000b,2024-03-21,East,Product D,Jonathan Watkins,49,205.53,10070.97
d7fe1051-04fd-4001-90f6-55016e3d540c,2023-05-13,West,Product C,Lindsey Ruiz,14,430.41,6025.74
402c025b-f292-412a-a3d4-beb1de82be1d,2023-10-22,North,Product C,Molly Hamilton,15,14.42,216.3
c8018b08-d119-47f2-8719-bc706919f16d,2023-02-21,West,Product D,Terry Burke,31,298.32,9247.92
590ffe2b-e763-4255-8330-f482fb1d7fbe,2024-12-02,East,Product C,Danny Casey,1,303.37,303.37
a5794a11-8be9-4e6c-b0f2-0ac12d3294bb,2023-06-25,West,Product D,Lindsey Ruiz,3,204.36,613.08
033353c7-f14a-4e35-9061-40e76c047f5c,2024-09-24,East,Product A,Kevin Williams,16,126.14,2018.24
af631a49-5ec2-4171-af86-e536cb5380ae,2024-11-19,West,Product C,Jeffrey Mata,23,124.99,2874.77
00f5530d-b1cb-48a4-b56a-8068e34bc242,2023-05-16,West,Product C,David Tanner,11,443.02,4873.22
e0c32c01-a4e4-42c4-ac97-1c8629ec9aa2,2023-06-17,North,Product A,Christopher Warner,12,226.59,2719.08
cf933b09-38e0-4302-a062-67a9ccc4e710,2023-10-22,North,Product D,Sarah Santana,10,172.14,1721.4
a6bfd884-eddb-466c-8795-90789afdb599,2023-07-23,West,Product C,Tyler Scott,32,229.9,7356.8
83b4edbc-acc1-4ad0-9a11-199cee2dcc98,2024-06-06,East,Product A,Jessica Mckee,16,338.0,5408.0
cf808224-5b36-432c-8c94-e040bcfe8a31,2023-02-02,East,Product D,Terry Burke,8,81.42,651.36
b3c00b01-3eed-456a-971b-15de63c46faf,2023-12-28,North,Product C,Garrett Scott,38,230.22,8748.36
b9c9a24e-29cf-4e2f-8aaa-02c26a23acbb,2024-11-24,North,Product B,Robert Mcdonald,12,298.06,3576.72
414d832d-5c60-42a3-a4e4-695f06d41596,2023-08-03,South,Product A,Roger Henderson,24,474.81,11395.44
0410c370-7522-41e4-b026-761709b71e94,2023-09-09,North,Product D,Shelley Miller,28,133.74,3744.72
c82f8197-f359-45c5-92f4-a162013cd924,2023-11-24,East,Product B,Cody Davis,8,186.03,1488.24
d76ef2ba-9733-4dc9-b4f5-33cbe6883a32,2023-08-01,North,Product D,Robert Mcdonald,28,195.89,5484.92
269cba19-ed01-466e-89c7-83853cb96c39,2023-03-08,South,Product B,Christopher Mills,36,306.71,11041.56
9df08257-e2e7-423e-8d2e-cf9344fcb2ba,2023-02-11,West,Product B,Christopher Warner,26,184.8,4804.8
6155c5cd-add3-487d-a56b-ce2716754daa,2023-01-01,West,Product A,Christopher Warner,8,271.42,2171.36
b5e0d74d-1939-4a31-853d-42796a871a62,2023-06-22,East,Product A,Michael Hughes,28,393.08,11006.24
bbba4ed4-a8cb-4461-8fc8-a7562fa3cd5a,2024-10-20,South,Product B,Mike Johnson,28,355.64,9957.92
44335c06-b91b-494f-a1f6-f869cea99a9e,2024-09-04,West,Product A,Terry Burke,37,228.72,8462.64
e0ea366a-3826-4b79-9141-415fbbcf9106,2024-03-10,West,Product D,Alex Smith,41,433.47,17772.27
2df69330-14f0-43df-a4e6-d6c8fae8c90c,2023-12-17,North,Product C,Eric Castillo,36,283.49,10205.64
84b9f45e-b9e0-4a02-812c-9454438935c5,2024-11-12,West,Product D,Kyle Chavez,27,274.55,7412.85
feba0c83-1e1f-4939-9f0a-b11648a35e21,2023-04-02,East,Product B,Alex Smith,17,26.75,454.75
083e43a0-d74b-49fa-b6b6-61558b24989b,2024-11-08,West,Product D,Cody Davis,9,493.48,4441.32
d71dd0a6-99da-450f-a056-fd16817239dd,2022-12-21,East,Product B,Robert Ramirez,33,70.26,2318.58
fc88bf63-2852-4def-90b2-7aec868075a5,2024-03-27,East,Product D,Garrett Scott,20,123.25,2465.0
e30d5f9c-c82c-4b44-b0f7-8133f6425f44,2023-04-06,North,Product D,Jamie Miller,13,35.33,459.29
6f9846f8-d1db-4cc4-8b53-759220899428,2023-11-24,South,Product A,Jamie Miller,28,323.6,9060.8
2e04d3bd-cbbe-4be0-abf1-5f77dc18e30b,2023-04-18,East,Product B,Mike Johnson,48,120.1,5764.8
d64c51f1-2fce-405f-88f0-39148d727013,2024-04-12,West,Product B,Eric Castillo,29,98.21,2848.09
6fa069ff-46be-4e1a-b0e6-e2bf795ea3b5,2023-05-25,West,Product C,Cindy Oconnor,13,53.39,694.07
21108969-4c45-4fbd-bf9a-612fb8ac5f51,2024-11-22,East,Product D,Sara Rice,46,60.62,2788.52
949d9aae-1a58-4cce-90a0-6d6ef8d5ecc8,2024-02-16,West,Product D,Michael Garcia,35,296.49,10377.15
5292694d-37e9-4dc3-b105-6ba032f69b19,2024-05-04,North,Product C,Christopher Mills,6,347.22,2083.32
25eaf06e-0567-4883-a36e-53c1be16c448,2024-09-28,West,Product B,Ian Miller,18,204.72,3684.96
aed10a24-1216-4b95-8204-fc1ca4c75a10,2024-02-29,North,Product D,Juan Krause,5,245.15,1225.75
a81a95c4-5eba-4687-a602-13f9cbc19746,2023-10-06,East,Product C,Michael Hughes,47,346.12,16267.64
7d9d17be-3f4e-40a8-be99-308e28c7e012,2023-11-29,East,Product C,Eric Castillo,25,18.52,463.0
b3daf5ed-1304-4392-b630-2dab26c66f15,2024-01-04,East,Product C,Anita Garcia,2,168.33,336.66
599d7b8d-2929-4de7-aeed-18c6c4c5a47a,2023-06-27,North,Product D,Christopher Mills,10,486.82,4868.2
131ce420-0b92-4bae-b5a2-05ec23e96536,2024-08-04,West,Product B,Jessica Mckee,30,294.25,8827.5
442451fb-1414-42e2-9c30-1af6b3695c61,2024-06-19,North,Product B,Christopher Mills,45,134.57,6055.65
e8870912-5d4b-47bc-97a3-89053071494d,2023-08-15,West,Product C,David Tanner,5,265.65,1328.25
28fbd610-9bc9-4c02-8acf-a46b9c405576,2023-06-18,West,Product C,Jared Thornton,33,177.9,5870.7
5ced5c3d-7913-4d02-ae33-9477b1524c85,2024-05-15,North,Product B,Garrett Scott,1,270.8,270.8
e2b49946-f281-4d27-bdd3-72d82ed57e87,2023-11-09,South,Product C,Robert Ramirez,18,71.61,1288.98
4a067452-bfd6-4ba4-bcb6-42bb0b5d5159,2023-12-22,East,Product C,David Tanner,32,75.03,2400.96
2940ffab-24f3-465e-98f1-1e4eb4d679e4,2024-03-11,West,Product B,Ian Miller,47,80.34,3775.98
cc9e941f-33f0-4492-8698-6dcbb32cc14c,2024-05-24,West,Product D,Sara Rice,49,470.51,23054.99
8d83f7c4-f4dc-45d3-af29-2899dc0aa682,2023-06-18,North,Product C,Richard Alvarado,11,369.12,4060.32
310610ff-628d-4012-872d-fb764852ad28,2024-07-06,South,Product D,Thomas Larsen,21,89.57,1880.97
edf479dd-b011-42e8-9ae8-610e1e8bd631,2024-07-05,East,Product C,Jared Thornton,26,102.29,2659.54
77ae7376-6593-45a7-bb83-3614de72ec8c,2024-02-02,South,Product C,Mike Johnson,25,368.11,9202.75
39c226a2-a1cb-4de3-8cfe-b1c76719ab88,2024-02-18,East,Product C,Roger Henderson,22,86.52,1903.44
eb4113a3-d257-402e-87f6-1f8d91e3cbfc,2023-01-17,West,Product A,Eric Castillo,27,124.94,3373.38
b4fdaa82-bac1-41fb-8efc-a88e042eaf01,2023-08-23,West,Product D,Roger Henderson,49,482.04,23619.96
4ccf594c-f0c0-497b-ba1b-3c426ed290d6,2024-09-19,North,Product D,Juan Krause,13,135.1,1756.3
6e627ad0-b5a2-4338-9d42-3bb59684d4d7,2023-06-16,North,Product C,Austin Smith,33,334.2,11028.6
d2cad37b-47f6-452d-a080-eef2c23d76df,2024-07-07,South,Product B,Lindsey Ruiz,34,489.53,16644.02
dd0797f3-3628-409f-8714-88d21cdfc7e9,2023-04-06,South,Product C,Curtis Anderson,41,193.41,7929.81
cfb34d8a-20cd-4576-b68b-48fec3fc0534,2024-08-01,East,Product A,Roger Henderson,35,18.58,650.3
2d0c4189-21a9-4e50-ad1a-be590b0483dd,2024-07-12,North,Product C,Jeffrey Mata,1,129.63,129.63
d8f480ef-fb19-459d-8db2-6186943bfb9d,2023-06-25,West,Product A,Danny Casey,21,417.13,8759.73
52dc2463-3549-46ce-8a8e-0875693f5997,2024-03-06,North,Product C,Richard Alvarado,48,433.66,20815.68
4717c6fe-307e-45c7-a20f-50e707249050,2023-12-24,South,Product D,Cindy Oconnor,6,386.57,2319.42
d31ca4da-1358-4040-95ee-f096d5fc5dd4,2023-08-27,North,Product C,Sarah Santana,28,65.42,1831.76
ef45436e-2ac1-46ad-805d-6a85e88f9d6d,2023-12-02,West,Product D,Eric Castillo,17,399.8,6796.6
65c0545e-8fbb-4522-80e1-cc567585e2f8,2024-07-22,North,Product B,Jessica Mckee,5,460.15,2300.75
194175d2-06d7-408c-b128-dcba585ad6c7,2024-04-01,South,Product B,Mary Romero,31,304.3,9433.3
643945e3-1ab4-43e1-8d7a-d9c38a7d7a64,2023-04-27,West,Product C,Curtis Smith,5,471.03,2355.15
94f88a04-d1c0-40f1-8e79-72bf50b8e144,2023-04-24,East,Product C,Thomas Larsen,38,415.15,15775.7
009602a1-c923-48fc-a0d0-92fb98add5a0,2023-07-10,East,Product B,Robert Ramirez,3,336.82,1010.46
35c7d023-07fe-4bcb-bc9d-185f5fd749e7,2023-05-16,West,Product A,Tyler Scott,23,292.82,6734.86
8e803773-2b49-4b41-b98b-3e2fabc4bcac,2024-04-02,West,Product B,Richard Casey,37,180.8,6689.6
b77432f9-773b-4a8e-9eb3-e0c50f36e240,2023-06-23,West,Product B,Jeffrey Mata,37,88.05,3257.85
c7cfab21-d1e4-4d8e-b690-1677b8ed5376,2023-09-25,South,Product A,Victor Garcia,10,306.43,3064.3
e122318c-854b-4e7d-8ffe-7ae83ea81cc2,2024-02-23,West,Product B,Danny Casey,10,165.87,1658.7
de7c6e5d-aa51-46d1-a80c-ce1e2eaf73fd,2024-01-20,South,Product B,Victor Garcia,19,434.55,8256.45
dae065c4-f617-4c9f-8c67-7887073005d8,2023-03-22,West,Product A,Curtis Smith,17,496.74,8444.58
7176c2bc-edcc-46a0-97e6-b2e05d839292,2023-05-27,South,Product A,Roger Henderson,21,378.69,7952.49
adab02c9-1643-4c9d-88b9-b673f8f4ae03,2023-03-06,South,Product D,Sarah Hanna,14,54.34,760.76
52cbb367-5a84-4a06-8115-0c770653c026,2023-09-13,North,Product C,Jessica Mckee,9,151.46,1363.14
af5360d9-d96d-42e3-a811-8c883c3b93d7,2024-08-13,East,Product D,Terry Burke,46,63.46,2919.16
865df69d-808e-4ee7-aee5-de9609a881a2,2024-02-02,West,Product A,Curtis Anderson,1,328.75,328.75
f399c92f-5161-4bee-ac6d-a233aeeeab28,2024-03-07,East,Product B,Alex Smith,45,384.94,17322.3
17342ed0-cba1-4bb9-814a-a6dfdfcebc6b,2023-07-18,East,Product A,Richard Alvarado,13,463.58,6026.54
c73fe0e9-8a08-46e6-9bb0-af4ffecf9d7e,2024-08-02,North,Product B,Christopher Warner,4,224.7,898.8
7a49bf7d-c7ff-4bd3-82ac-3abc783f32cb,2024-09-20,East,Product D,Shelley Miller,1,451.67,451.67
0f6e1514-0633-493d-96ec-3672a284448b,2024-02-19,East,Product D,Christopher Warner,49,440.17,21568.33
09d3c060-2235-49c2-b5c5-7d3ca49e26d7,2023-02-12,West,Product D,Thomas Larsen,40,165.43,6617.2
d3f2926b-a6c7-41e2-9dc6-b4f10f8d372c,2023-10-14,South,Product B,Eric Castillo,32,435.76,13944.32
3bcf9ec1-7334-44d9-8ab9-ee5d505cc790,2023-07-14,West,Product C,Robert Ramirez,34,194.08,6598.72
001126e9-be2a-4e91-a092-a95ec32a2cd1,2023-02-11,West,Product C,Jamie Miller,28,155.47,4353.16
dfbd5c2a-1c5d-44f5-b43c-6688e8ba6eb2,2023-07-15,East,Product C,Elizabeth Huang,31,328.05,10169.55
09b460fa-69a0-4595-a47f-3fc1ceb906d7,2024-02-19,East,Product A,Scott Johnson,8,170.91,1367.28
0d4b22ab-8f83-4d41-a1ee-9ff984c1f41a,2023-11-11,West,Product A,Mike Johnson,39,318.8,12433.2
bf5ee4e9-d30d-4d41-a983-0ba6c137a4a5,2024-01-01,West,Product B,Christopher Mills,26,308.82,8029.32
f1de5835-41d7-4a66-ab5c-c07f8d5686c7,2024-08-04,East,Product A,Mike Johnson,34,286.09,9727.06
492e4610-6898-4ca8-8140-595c06766baf,2024-07-18,South,Product B,Thomas Larsen,3,196.41,589.23
150db60c-305e-4528-9400-d3e2a7e387b2,2023-01-26,South,Product D,Elizabeth Huang,12,278.76,3345.12
dcf23379-d795-45ef-8f32-51a31dfb4e10,2024-05-30,West,Product B,Sara Rice,1,302.28,302.28
bbbba44a-4963-4b36-8d20-80c1569815d0,2024-07-09,South,Product A,Ian Miller,44,277.39,12205.16
5b4c3116-22ca-4461-9a5e-fe53091e3884,2024-11-04,West,Product D,Michael Hughes,5,227.77,1138.85
b025dddc-77a5-4f5b-9a88-bcd5ddfda5b3,2024-06-15,North,Product D,Jonathan Watkins,30,17.19,515.7
b5f09188-485f-4221-ab4a-f79ea53a5a42,2024-09-11,East,Product B,Michael Garcia,30,297.66,8929.8
0d255f6c-eccf-48c5-93dc-a97baffb18a1,2024-02-03,West,Product C,Roger Henderson,17,92.54,1573.18
230e5cfe-f0b6-41b9-ad3c-5561dc456602,2024-03-19,West,Product A,Curtis Smith,48,324.86,15593.28
1526655c-f906-4885-91c4-459890486dad,2023-05-29,West,Product A,Larry Collins,47,382.08,17957.76
5bd461c2-9b4a-40a6-ae88-e8d0dad2323c,2024-06-16,South,Product C,Kevin Williams,23,255.22,5870.06
cada3ce0-e3a2-4427-975b-ea20ac767725,2023-03-10,West,Product A,Cody Davis,15,275.76,4136.4
e90bda7e-08ef-4a4f-a778-ba3e6bc0a6cf,2024-05-15,North,Product C,Lindsey Ruiz,37,476.22,17620.14
5c7789dd-d313-4628-8b93-41d02c61493f,2023-02-28,South,Product C,Curtis Smith,21,425.11,8927.31
8e891013-e360-4b93-972e-db468943e14c,2023-04-21,East,Product D,Richard Casey,14,457.98,6411.72
fbe44156-fe67-4ff6-affe-df4c471a4f82,2023-03-25,North,Product D,Shelley Miller,2,408.75,817.5
1d602fb1-40db-486b-89fc-8e4839fc2235,2024-03-11,West,Product B,Robert Reeves,11,63.37,697.07
19adaeb4-bed2-4c6e-b78c-1706509ef760,2023-02-13,North,Product D,Jessica Mckee,39,83.01,3237.39
d1d7ce0b-f1ff-4493-98fb-79dd31b32b94,2024-02-11,West,Product C,Christopher Mills,38,268.05,10185.9
7e1dd25c-7d2f-4e6e-bea5-51a5fa16a699,2023-09-30,North,Product B,Anita Garcia,34,130.57,4439.38
5ae37548-7649-4b92-9dac-2e9859bd0261,2023-09-23,South,Product A,Ashley Espinoza,38,243.58,9256.04
20fa504d-b641-41ab-996a-01050a268bcb,2023-09-22,West,Product C,Cody Davis,34,203.24,6910.16
28bd2c45-5204-41d5-a4e4-0bb728780de7,2023-05-25,South,Product B,Eric Castillo,18,279.21,5025.78
54c37d7e-09cf-4b13-b188-0ddb637378b6,2023-06-15,North,Product D,Danny Casey,30,375.97,11279.1
d641fbb7-f6be-43a1-ad45-c4ebbdde088e,2024-03-30,West,Product C,Anita Garcia,15,360.59,5408.85
173e408a-2163-4ef5-836e-3ddf22dc6454,2023-12-28,East,Product B,Mary Romero,27,265.4,7165.8
ffe92b26-e21e-426f-8648-f7470c7f3109,2023-05-27,East,Product A,Molly Hamilton,34,412.97,14040.98
3f04469a-f249-475f-8d6b-cd1eed0fbdd9,2023-03-19,West,Product C,Danny Casey,38,221.12,8402.56
0b233d38-ff21-40bf-a12e-ab112b27cda5,2023-02-27,North,Product C,Mary Romero,33,449.39,14829.87
b8677229-d17a-4588-869c-077aa1a37c37,2023-07-23,East,Product B,Sarah Hanna,24,44.93,1078.32
c40a8ab4-6762-4696-a890-649eff4661b0,2023-04-14,West,Product B,Anita Garcia,15,477.78,7166.7
6839b7d1-dafc-427d-ba06-4281763576e9,2023-01-14,East,Product D,Cody Davis,30,330.8,9924.0
a32f021c-856f-4fc9-8081-e3f0d39d5c68,2024-12-08,West,Product D,Michael Hughes,42,196.24,8242.08
de482ec2-fd18-4573-a744-757eefaff210,2024-01-11,North,Product C,Richard Alvarado,17,106.61,1812.37
702a8a7a-5daf-42cd-bde3-e06b76d71467,2024-07-06,North,Product A,Roger Henderson,5,244.8,1224.0
a7814341-cf54-4f9b-9808-c6f465d92351,2023-01-18,South,Product D,Ashley Espinoza,29,105.33,3054.57
618f5b4d-ae3e-4c60-9504-2bf5b13c2158,2024-08-14,East,Product A,Victor Garcia,4,91.5,366.0
64651d6f-c996-408f-9a61-d546a1f72634,2023-05-04,South,Product B,Jessica Mckee,10,312.5,3125.0
35a81b7a-4a92-49a3-af93-311a50b6e7d6,2024-07-29,North,Product B,Ian Miller,17,266.31,4527.27
7883a3ed-cf3a-4dd9-9988-5b440e103f56,2024-05-08,West,Product D,Jacqueline Wiley,10,338.35,3383.5
7bae0447-dfd0-4aff-9d8f-f4c29607d44e,2023-11-11,North,Product C,Shelley Miller,17,465.51,7913.67
0c38d80d-66e2-41d0-8a61-cd898fd6d381,2023-07-17,North,Product B,Anita Garcia,20,270.81,5416.2
b52e4185-72a4-4b69-9f4f-d40a41b7d182,2023-07-19,West,Product A,Danny Casey,24,294.66,7071.84
d25ab444-86e9-4018-a2da-87fb00fa5f1d,2023-10-31,South,Product C,Garrett Scott,5,53.92,269.6
6d9fe852-c298-447c-ba8d-2b79023b1b0f,2023-02-22,East,Product D,Michael Garcia,34,361.64,12295.76
0bde1185-52cf-459e-b478-d7ed27b075a0,2023-11-18,North,Product B,Richard Casey,6,205.95,1235.7
44f52d95-87ca-4a61-aa4e-c4909d8ab5c7,2024-01-20,North,Product D,Christopher Warner,2,488.6,977.2
92f79beb-b181-47cc-be37-0831664da608,2023-04-27,East,Product C,Jaime Aguirre,13,413.36,5373.68
5af2276b-2a7b-4677-a449-04d02f1b2400,2024-03-09,North,Product C,Curtis Anderson,43,266.02,11438.86
cac5f88b-06c7-4056-ac0d-933f0bf16bf5,2024-01-13,East,Product C,Christopher Mills,43,70.38,3026.34
d303d733-5b04-419d-bb3a-631ea6965e00,2023-11-15,East,Product A,Tyler Scott,48,431.11,20693.28
43417604-5be4-483a-90c7-9deedb3cb9d1,2024-02-20,East,Product C,Jacqueline Wiley,11,401.89,4420.79
afe0c256-d8bb-46bc-9ed9-4c028645e2c1,2023-10-12,West,Product C,Steven Roberts,47,100.45,4721.15
8c276b76-62a6-4716-aa32-aa363a2baf3f,2024-03-24,South,Product B,Sara Rice,23,154.69,3557.87
f822a355-f9fe-464b-afad-acd97d3d0396,2024-10-06,South,Product A,Lindsey Ruiz,16,398.77,6380.32
9e974545-bcfc-4d7c-8837-5f097f6a55bb,2023-06-19,West,Product A,Richard Casey,31,100.76,3123.56
9cee9f2e-0423-452d-bbe3-4269c81f03d8,2024-08-19,South,Product D,Richard Casey,11,459.7,5056.7
2f39b570-81e8-482d-82cc-16ce8c9a08dc,2024-01-30,South,Product C,Jessica Mckee,16,218.02,3488.32
8d4f663c-9487-4faf-af20-0c9eb7835ce0,2024-11-26,South,Product B,Elizabeth Huang,8,52.65,421.2
b2f5a5ae-0103-44d4-9d9d-08862a6952ec,2023-07-05,North,Product D,Kevin Williams,4,409.72,1638.88
ea5c4204-9d4e-4baf-bc1e-06d74c8b4bba,2023-06-08,West,Product C,Shelley Miller,40,193.02,7720.8
1d7dc0c9-58b9-4994-80d4-7efbd1d99f2a,2023-05-09,South,Product A,Jessica Mckee,4,267.98,1071.92
57d72cf9-270d-4d0a-b9a6-ded6434f3f2a,2022-12-27,West,Product C,Christopher Mills,25,65.03,1625.75
f1f2c96d-8e0c-4d9f-b20f-7c455edbdc3f,2023-07-06,South,Product C,Jaime Aguirre,3,11.27,33.81
f36dd6ae-e263-4816-b0d4-9d73f62065bf,2024-02-26,South,Product B,Curtis Anderson,32,322.61,10323.52
d5325e63-e45d-47db-b9f6-fac1c735dbef,2024-04-12,West,Product B,Jacqueline Wiley,3,262.44,787.32
cce81563-5fe5-4cf2-97e3-115b59114f99,2023-03-21,East,Product B,Austin Smith,27,300.83,8122.41
0d941828-7980-4821-ae89-76828d3c1cc7,2023-12-03,West,Product D,Danny Casey,29,398.93,11568.97
5034bc47-10ef-4657-8380-7379e4003b30,2024-10-06,East,Product B,Victor Garcia,32,326.84,10458.88
158ef7c5-0916-4bfe-a69a-54d2b2d86d30,2024-06-03,North,Product D,Michael Garcia,19,95.64,1817.16
95cde76d-9e68-42aa-8d01-04eec3090c44,2024-03-19,West,Product C,Michael Garcia,21,186.78,3922.38
30fa97b1-5f0d-4564-851c-2852ba506de3,2024-04-21,East,Product D,Robert Ramirez,5,453.89,2269.45
881652dd-0e6c-4661-85df-fd9b2cef9de4,2024-10-03,South,Product D,Mary Romero,18,387.27,6970.86
3c3d7ce9-6653-4ef8-b3ba-1577dee43d70,2023-03-15,North,Product B,Ashley Espinoza,28,282.75,7917.0
1c313a64-36ed-4077-a421-f12d4e47d56f,2023-03-20,West,Product B,Christopher Mills,42,135.27,5681.34
0cfad7f1-d7de-4314-84d3-17787d0633f0,2024-06-16,East,Product A,Austin Smith,22,158.01,3476.22
20d59e81-9649-4b05-bea5-40015974d012,2023-04-19,East,Product D,Jeffrey Mata,21,368.66,7741.86
cb1fadde-3310-4c1c-8ff6-eb45f045f6a5,2022-12-26,West,Product C,Ian Miller,6,427.08,2562.48
5b723f3f-9325-4495-82ee-6a7893872806,2023-03-13,East,Product A,Christopher Mills,1,339.0,339.0
17a0e3c6-d6d5-4567-ab2f-4c6b72988cae,2024-08-14,West,Product A,Anita Garcia,5,406.67,2033.35
c2bd8bb6-3a90-4375-852f-52f49e079d1b,2024-02-08,East,Product A,Sara Rice,41,385.66,15812.06
85cf0110-f6af-4a9b-83b1-a8f65db0eaaa,2023-09-22,South,Product B,Jared Thornton,12,83.35,1000.2
27a1e5f5-b307-463d-923a-afdf74ad2a6e,2024-03-26,West,Product B,Curtis Anderson,26,217.73,5660.98
008b82d2-3102-4db5-bb54-864923bbe95b,2023-04-16,West,Product B,Steven Roberts,46,84.96,3908.16
4596cdc5-0450-4b69-a33c-2e6542fb71fd,2024-03-18,North,Product C,Mike Johnson,34,125.27,4259.18
6019d256-702f-4dbd-b09d-26c0f8c9a202,2024-08-25,South,Product D,Richard Casey,49,435.94,21361.06
923e2289-42cd-48d4-8966-eec870830db1,2023-05-14,West,Product A,Robert Mcdonald,14,241.72,3384.08
d6dfadeb-10eb-4074-a189-26b31ce23c16,2024-03-20,East,Product B,Anita Garcia,26,272.33,7080.58
bb972257-f933-4a11-a1a3-3379a221df02,2024-04-28,East,Product D,Cody Davis,45,97.44,4384.8
f347d45d-ea01-4cc8-8cd1-efb923611965,2023-04-07,East,Product A,Lindsey Ruiz,27,163.01,4401.27
0a3d298f-939b-477b-a432-721528d0c6f1,2022-12-28,North,Product D,Terry Burke,9,122.82,1105.38
61d6d3bd-0746-445c-8d7f-aaa5e05924b5,2024-08-29,West,Product A,Victor Garcia,26,111.03,2886.78
0adfde70-decb-4499-8ebe-52c5c061b1e3,2024-02-25,East,Product D,Christopher Warner,47,322.6,15162.2
684aab00-9cdb-40d0-b524-946785869992,2024-10-26,North,Product B,Roger Henderson,22,135.87,2989.14
34a8f649-01b2-4b7b-abf4-2d8a25f6e3df,2024-07-29,North,Product D,Sarah Santana,47,319.69,15025.43
06d22734-e8df-4942-925c-99a4644a0131,2023-04-15,West,Product D,Jared Thornton,30,38.64,1159.2
0a1d492d-b917-4e8c-9f7b-1be9105e9dab,2023-03-16,East,Product A,Juan Krause,43,79.47,3417.21
9696c77e-b20a-485b-b065-f38472e41be6,2022-12-27,South,Product D,Robert Mcdonald,48,144.52,6936.96
7fe0bfc3-00ef-428b-a146-3155a303fa93,2024-12-02,East,Product C,Sara Rice,17,302.55,5143.35
f6ceb478-64cf-4c4d-99df-b384052988ee,2023-09-15,South,Product A,Lindsey Ruiz,26,341.16,8870.16
72ddf2cc-f752-4d16-a5bd-613acd17b677,2024-09-25,South,Product D,Christopher Warner,36,226.93,8169.48
133289e1-bb19-4a64-bcdd-dfdcb376fe6b,2024-07-13,East,Product C,Danny Casey,1,228.44,228.44
5b2ba73f-87fb-468f-8e8f-42ad6330844b,2024-10-31,South,Product A,Michael Garcia,8,365.01,2920.08
578a623e-83e7-4464-9cfb-35ae1c93c3b8,2024-02-04,North,Product B,Christopher Mills,49,17.75,869.75
d253f033-7000-44ff-a5ee-f4bf2c8b77d5,2024-01-05,North,Product A,Ian Miller,35,177.13,6199.55
06ab8ae9-4799-4345-83e8-73227f7f92a4,2023-11-28,East,Product A,Kevin Williams,15,411.17,6167.55
829caa8b-c62e-442d-8d5c-df07194aa918,2023-05-06,West,Product D,Tyler Scott,47,305.58,14362.26
01ba9dee-ebdc-4f1f-8dde-2410146d50eb,2024-02-12,North,Product C,Victor Garcia,22,175.24,3855.28
afdc44ae-8c35-4606-9a0b-a510a8d196bc,2023-10-13,East,Product A,Austin Smith,14,453.71,6351.94
74a49514-8a32-4272-9488-93c6ad803e0e,2024-07-12,South,Product A,Terry Burke,26,388.59,10103.34
0fd8d788-04d0-4e0c-a322-649f86442851,2023-05-26,North,Product A,Shelley Miller,28,139.8,3914.4
708715cb-99aa-4e97-b508-2eb74f4ee99d,2023-06-03,East,Product D,Robert Ramirez,23,326.19,7502.37
7b7dadcc-e0fe-47ef-a384-d176bf4279ec,2023-10-30,East,Product A,Christopher Mills,14,301.92,4226.88
841117cf-5a0a-4540-83b6-d6e4163cad8f,2024-03-30,West,Product C,David Tanner,24,206.58,4957.92
8bbc76d4-fc06-4c09-84f0-7b0e53ef67ad,2023-01-03,South,Product D,Eric Castillo,2,189.81,379.62
1263ebc6-6179-48dc-bb67-2236ac223b6c,2023-05-14,South,Product B,Anita Garcia,45,178.34,8025.3
5a219bff-d297-4b5b-b154-1ea97d068200,2023-11-14,South,Product B,Danny Casey,26,312.41,8122.66
2ed83f86-a39c-49e4-b55d-7a61f7eb2d61,2024-08-05,East,Product D,David Tanner,14,226.78,3174.92
64e8334d-91e8-4016-8e7b-368fea0c83e3,2024-05-03,East,Product C,Scott Johnson,7,417.61,2923.27
e987cf28-0e3b-4f67-b6b5-4ef9504936ab,2023-02-21,South,Product D,Kyle Chavez,3,338.11,1014.33
d48c6db1-5cd4-4dcd-97d6-4a8449a1be12,2023-03-10,East,Product D,Kyle Chavez,47,44.27,2080.69
34a3eb86-dd36-4052-a667-ac90a56c98f6,2024-02-02,West,Product D,Victor Garcia,23,323.68,7444.64
6e957eed-bac2-478b-b553-7e3d26f5957a,2023-03-22,East,Product D,Kyle Chavez,46,142.86,6571.56
1b92bb4b-1dcc-492d-983c-b2cfd112f618,2023-10-13,East,Product A,Jamie Miller,43,300.48,12920.64
cd435fa5-6549-4380-9e50-3fd222561935,2024-02-04,North,Product B,Jeffrey Mata,47,343.26,16133.22
fcfedfd8-4487-467c-b014-31466b8b8ecc,2024-06-22,West,Product C,Jessica Mckee,45,123.11,5539.95
5f499be9-674e-4234-a4f1-445bc09dec62,2023-11-30,North,Product A,Larry Collins,18,233.86,4209.48
2574681f-537d-44be-a523-e7de192b69ea,2023-10-04,South,Product B,Sarah Hanna,38,103.26,3923.88
4ce93ce0-84e8-41a8-9b6a-6b34a420d0cd,2024-07-08,South,Product D,Ashley Espinoza,35,35.65,1247.75
75d1bc34-6373-4d0f-a772-847cb9fc9634,2023-07-20,West,Product B,Christopher Warner,15,195.45,2931.75
87989976-4a20-4b47-b723-52be6ff0edd9,2023-08-03,East,Product B,Steven Roberts,25,187.84,4696.0
920439b6-071d-4206-bd9a-73ea25eaa570,2023-07-14,North,Product A,Kyle Chavez,37,497.79,18418.23
de96eb45-a343-4a8d-90db-297542b5585c,2023-11-03,West,Product A,Cindy Oconnor,28,228.71,6403.88
00119b04-f773-47c8-88c4-8d9d801ccbcf,2024-04-02,North,Product C,Robert Reeves,10,173.45,1734.5
ac905b21-c23d-4a74-bbd1-0532105170ae,2023-09-26,East,Product D,Sarah Santana,39,294.43,11482.77
b70dbac1-72b9-4c65-bf99-8591745ac5d2,2024-12-05,North,Product D,Richard Alvarado,17,53.5,909.5
7285cd0b-ab52-4d0d-9922-1a97c86461bf,2023-10-25,West,Product D,Jamie Miller,39,481.22,18767.58
4d307e5c-e29c-448e-b600-9a78fa6042eb,2023-05-02,East,Product B,Anita Garcia,22,321.13,7064.86
0340bbcc-d46f-4c20-b582-a2df9847bc2c,2024-07-27,East,Product B,Michael Hughes,26,379.87,9876.62
99b7c8bd-d4d6-4acb-ba91-ae82a861fe99,2023-11-30,West,Product D,David Tanner,44,93.53,4115.32
83a8a504-4d3e-4030-83b8-4f47e6d29e27,2023-09-25,East,Product C,Thomas Larsen,25,210.64,5266.0
54e518c9-dc57-45f9-948c-113cf22f9176,2023-10-01,North,Product B,Austin Smith,17,217.12,3691.04
c46dd40f-3cc5-4fc5-9547-f3f5fd89a111,2024-02-15,South,Product C,Kevin Williams,13,412.69,5364.97
5f9b39a7-f2bb-4a66-8623-710770dd67e9,2024-09-19,West,Product B,David Tanner,20,10.61,212.2
0c8553c9-06b9-48e1-91c6-2b0d038cff6a,2023-09-07,North,Product A,Thomas Larsen,25,157.42,3935.5
d7e6cf98-1d6d-4797-8547-f11a2ea21872,2024-05-18,East,Product A,Roger Henderson,4,490.81,1963.24
0021b735-0286-47c3-9431-a6157b1876a6,2024-01-03,South,Product D,Kyle Chavez,10,242.69,2426.9
77f68af9-b6fe-47fc-805f-47a4fcd9dd49,2023-09-15,North,Product A,Curtis Anderson,3,197.44,592.32
e3814451-fc75-4717-ae74-53b00604b9bb,2023-01-24,West,Product B,Steven Roberts,41,68.72,2817.52
66c58b8f-b843-4307-81f9-ff1658235092,2023-06-22,East,Product B,Richard Casey,45,487.34,21930.3
2c993b83-3b63-45fc-9ead-59496e81b6b3,2023-07-25,West,Product A,Mary Romero,18,19.81,356.58
9c950cb3-83d2-4a7c-a2ec-cadd030e8efe,2023-08-08,North,Product A,Robert Ramirez,47,371.22,17447.34
4dd1fd94-c975-4056-9897-92a7c29e037b,2024-09-12,South,Product A,Christopher Mills,36,386.61,13917.96
b4700d7e-5583-473f-9bc3-4c6044542e63,2023-03-08,North,Product D,Austin Smith,47,129.39,6081.33
ce74d787-6ece-4177-b9ce-5eeb6ec2e007,2024-02-26,North,Product A,Mike Johnson,22,339.06,7459.32
4ec4a38c-be48-4841-9055-e225d775b4c4,2024-11-17,East,Product B,Juan Krause,34,55.54,1888.36
0a044016-360a-4fed-a57d-4baf996cf62e,2024-11-15,West,Product A,Mary Romero,47,135.95,6389.65
d1581bd7-66b5-4af8-a215-4451dd6ae9b7,2023-11-06,North,Product D,Alex Smith,8,396.07,3168.56
063980b2-e5da-4739-96bb-c989ba1203d1,2023-08-13,North,Product D,Sara Rice,40,433.7,17348.0
726900ee-9365-497e-9581-0f261f175f4f,2023-06-30,South,Product B,Diana Padilla,49,308.16,15099.84
8a64a608-6792-49d3-8b74-14e9b7c0b74b,2023-08-11,South,Product B,Ian Miller,44,258.35,11367.4
147bf0e3-6b5c-43da-b429-dd6529dd8748,2024-11-08,West,Product A,Jaime Aguirre,19,88.06,1673.14
b9626d7d-a5db-4406-8ecc-e9c23af652c3,2024-11-12,West,Product B,Jeffrey Mata,42,40.92,1718.64
1f039e79-900d-497d-9d9c-56ba3f3e3910,2023-08-12,East,Product C,Curtis Anderson,41,67.65,2773.65
528ac135-ba2f-411c-b528-ab68988cfa9a,2024-01-06,West,Product B,Larry Collins,37,121.41,4492.17
4551267e-0055-4f4f-8780-a3c0d6463bfe,2023-12-09,South,Product C,Tyler Scott,6,177.42,1064.52
d3e11f24-b603-43e6-b1bd-5fe21fb88433,2023-03-30,West,Product C,Curtis Anderson,26,196.65,5112.9
1a465a49-3372-4a09-856d-648d47df1a92,2024-12-08,North,Product B,Richard Casey,34,179.7,6109.8
2f33d523-5bbf-421b-934a-f515ccac312e,2023-01-02,West,Product C,Molly Hamilton,45,127.14,5721.3
cbb7eb2a-e54b-4068-ac79-59f130d8113b,2023-11-07,West,Product B,Christopher Warner,6,259.76,1558.56
d36eace6-3f79-4c8d-88f2-889b7b25438f,2024-11-27,East,Product B,Jonathan Watkins,37,414.39,15332.43
279e1f26-0b35-40e1-97ec-5704784cd7f1,2023-01-28,North,Product D,Michael Hughes,33,147.05,4852.65
d8377e66-5af9-45d4-b924-d2ecd371b6a1,2024-03-19,East,Product C,Richard Alvarado,22,471.77,10378.94
2011222a-392f-47da-a002-3a930626e20e,2023-03-09,South,Product C,Cindy Oconnor,21,437.93,9196.53
ac3f0e28-05c4-45fe-b657-0ca924d29133,2023-03-15,West,Product A,Jamie Miller,6,89.26,535.56
7cd6b60b-c82f-4f18-a669-a96d92ad42f5,2024-05-03,West,Product B,Roger Henderson,6,395.28,2371.68
dac75ba3-b452-45a5-81b0-2acc7c9ae102,2024-12-10,South,Product D,Garrett Scott,48,291.55,13994.4
a0e31360-b3a8-41c8-b90d-ab2fc8be1331,2024-02-02,East,Product D,Cindy Oconnor,4,287.62,1150.48
aa0bcbb9-a0bd-4534-9d11-dff11e6caa55,2023-06-17,North,Product A,Jeffrey Mata,30,201.61,6048.3
53ce4c5a-442f-41e4-9097-89aef8b329d9,2023-04-09,East,Product C,Juan Krause,11,255.56,2811.16
274236c1-0946-4464-81df-45e78d47f985,2023-01-14,East,Product D,Shelley Miller,30,204.62,6138.6
8ce6fed5-43ca-4aac-86e6-ac3423646f1d,2023-09-26,North,Product C,Jessica Mckee,31,274.47,8508.57
5c51f9d5-4c37-4c84-a43a-f327dfba91ce,2024-08-30,West,Product D,Richard Alvarado,24,317.7,7624.8
3209d994-ff85-43b7-bc41-e051e5f78238,2023-09-14,East,Product D,Danny Casey,9,340.41,3063.69
97ab9689-9353-466e-81ba-6a74d558deed,2024-08-30,South,Product B,Roger Henderson,3,270.92,812.76
b0425662-1244-4953-8a80-9f59ea095942,2024-11-04,North,Product C,Alex Smith,31,363.5,11268.5
d86ef9c5-6a0b-4b99-bc39-bcfad95cb82a,2023-12-21,West,Product D,Alex Smith,40,79.23,3169.2
